z1,z2,z3,z4,z5,z6,z7,z8
-0.016145524,0.88420993,-0.32972535,-1.1324269,1.0289816,0.4225585,0.60325503,0.09714261
0.8031683,-0.011732882,0.49724764,1.6190044,0.1925298,1.4768434,-0.4370509,-0.08427573
0.1265411,1.2208368,-0.4920222,-1.1791275,-0.7679951,0.35489967,-0.3657311,-0.62598354
0.80793905,0.4276575,0.832053,0.41126698,-0.36708295,0.02546946,0.6827624,-0.51859826
-0.55502653,0.32544154,0.12822255,-0.28933296,-1.1853352,-0.021428164,0.012187311,-0.089642175
1.5267913,0.38211158,0.20116158,0.52897257,-0.1434241,-0.068586834,0.37133232,-1.0188593
-1.1436857,0.07204171,0.37822405,0.5468986,-1.2374575,1.6598008,-0.78312504,0.78596854
-0.576996,0.37885162,-0.23227693,0.9972619,-1.1398548,1.5677756,-0.50041634,-0.16190349
1.6378478,-0.0617802,-0.099859536,1.005553,0.6115859,1.2328136,-0.7651302,-0.48027158
-0.16924456,-0.42759353,0.14118132,0.5258918,-0.845293,-0.50428444,-0.23613074,0.9340925
-0.35649922,0.3628576,-0.0042664106,0.34563997,-1.1511667,-0.19415303,0.12889232,0.1433426
1.0600435,0.8952708,-0.40767986,0.055985857,-0.17762196,-0.7431677,-0.066141695,-0.42596996
-0.20235287,0.20275071,-0.38958457,0.7968896,-1.0868647,0.12230618,-0.16396715,-0.20754752
-0.5890767,-0.32054898,-0.5387036,0.17580217,-1.7007372,-0.3250843,0.13703498,-0.29400265
0.6733496,1.1875443,-0.27050585,-0.5346541,-0.36355934,0.16797371,-0.16002244,-0.8438541
0.5049121,-0.48584434,-0.084864855,0.74660087,-0.45789048,-0.88007224,-0.27145514,0.6671175
-0.40250328,-0.10038939,-0.21324266,0.55242354,-1.3634616,-0.3237446,0.1230853,0.08852515
-0.5783056,-1.0842997,0.05056532,0.5100575,-1.912901,0.18851048,0.47798327,-1.1071372
0.55053055,-0.09650838,0.9569827,-0.20354518,1.7414125,-0.22675642,-0.22375606,1.7526901
0.3473548,1.0407072,-0.39165407,-0.7830924,-0.64300436,-0.27661908,-0.20302178,-0.26507473
0.06996603,-1.0072141,-0.23545516,0.5238503,-0.97992194,0.39230666,-0.08131717,-0.7120583
-0.19839658,1.0624769,-0.98472667,-0.33746648,1.0808878,1.7617322,-0.31102538,-0.38220707
1.2443691,0.21353784,-0.02369818,-0.7374151,0.33411634,-0.8061682,-0.5466569,0.4284768
0.26682156,1.2930772,-0.6777054,-0.45266628,-0.9379576,0.04569664,0.0703278,-0.8023698
0.2686485,0.75052243,-0.94726324,-0.6729617,-0.74708134,-0.44470736,-0.4941984,-0.7233166
0.45139825,-1.4451029,0.34485704,-0.37149763,0.4229537,-1.1202555,-1.1263973,1.5112305
1.5896279,0.58998954,-0.43072045,1.1086916,0.4907667,1.526734,-0.6593581,-1.0680224
-1.0005062,-0.07799022,-0.54101413,0.118263826,0.86130595,-0.54664224,1.0749269,0.6303401
0.7504719,-0.74013203,-0.201557,0.76773906,0.13412988,-1.2072027,-0.75996256,1.2682546
-0.32320014,-0.40978754,-0.12645224,-2.199902,1.6299264,0.005870423,-0.23507693,0.72653997
-0.0847073,0.5084487,-0.57300293,-0.8771681,-1.0340663,-0.28488627,-0.36592957,-0.6160246
-0.13549168,0.26824158,0.09897834,-0.5964287,-0.65606517,-0.43983686,-0.24512234,0.49589193
0.6081281,0.617637,-0.95801556,-0.12353309,-0.6976594,-0.71818435,-0.2753467,-0.6011852
-0.9175816,0.76170915,0.02019531,-0.90616155,0.19150348,-0.048505113,1.1816915,-0.16478184
-0.5165569,0.99667615,-0.100378215,0.18270333,-1.2052679,0.33875635,0.12177917,-0.0725198
-0.7429838,-0.5762834,-0.5819844,0.15139101,-1.6794477,-0.4916739,-0.23269372,0.13538845
-0.9762911,1.0886785,-0.33423144,-0.60938483,0.7745397,0.41771245,1.4090843,-0.10114214
-1.1304162,1.0598023,-0.45412305,-0.3763202,0.39189807,0.025408184,1.6062356,0.13990682
-0.37271255,0.8268368,0.6053207,-0.6756468,-0.83180314,0.60177034,-0.029395202,0.07867895
-0.41644382,-0.45867512,0.5410453,0.7347918,0.6031708,0.96155345,1.3314084,-0.05533559
-0.60896647,0.13021883,-0.4102757,-0.097775675,-1.5360878,-0.22496141,0.1623342,-0.40437728
-0.46451038,0.111709595,-0.09548238,-0.25679076,-1.3291304,-0.039344013,0.15819496,-0.52639264
0.504764,1.3384374,-0.1730941,-0.39286298,-0.5652287,0.42395893,0.22819652,-0.96554977
0.66015923,-0.34163216,-0.5443683,0.17428514,1.3568527,0.06528379,0.70757186,-0.67309666
1.3240218,-0.2142052,-0.8856489,1.2831151,0.24638487,0.9485688,-1.1054914,-0.7869083
1.3873746,-0.24119566,0.5996095,0.11186467,0.9992994,-1.6873094,-0.6100785,1.7206355
0.00640899,-0.60040206,-1.7879238,1.0674531,1.5995244,0.9222006,0.15700805,-0.5368905
-0.37442386,1.3468422,0.1089335,0.5301555,-0.4453472,1.6856763,-0.64870435,0.37069374
0.09214505,-0.6702779,-1.2516139,0.1723088,1.706266,1.5551976,-0.01810299,-0.24448471
-0.22340056,1.3674499,0.4012226,0.42780432,-0.9714265,0.5453781,0.25544706,0.10081052
0.52407753,0.80306786,0.42646173,-1.8467927,0.046571076,0.6743815,-0.59370655,-0.31569546
0.36821032,1.3171825,-0.7160773,-0.5099119,-0.67119974,-0.39068103,-0.08417756,-0.7358498
-1.6411304,-0.64939016,-1.3784721,0.17870712,0.6968617,1.5743906,-0.25890496,0.75138247
0.168093,-0.9291734,0.6339616,-0.11967456,-0.7325624,0.13198222,0.08962865,-0.2497619
-1.700006,0.17614996,-0.5672238,-0.37036103,0.5615393,1.0073533,0.95350087,0.5332761
2.3201177,-0.43420598,0.42024332,0.2321608,0.9029079,-0.67509735,-0.17976561,0.05585218
0.018064458,-0.53118855,0.022280462,1.5346538,1.3616258,1.655691,0.3646456,0.1350657
-0.41178796,0.20791294,-0.028250769,0.183086,-1.0817839,0.04634711,-0.12110261,0.13158467
-0.010824445,-0.16151029,-0.45547253,1.2455038,-0.5174513,0.9782571,-0.86324626,0.38120344
0.10889785,-0.14341652,-0.1483229,0.48865333,-0.5917021,0.022466272,-0.30147237,0.28841424
0.15203,0.24132189,-0.6563534,1.7328894,-0.10601004,0.50273174,-0.9561751,0.8512231
1.7545642,-0.16243254,0.06840721,0.45088318,0.08483636,-0.4481861,0.06956056,-1.0482287
0.6885258,-1.8711598,0.2638309,-0.6958258,0.23361775,-1.1329935,-1.3231499,1.4774666
0.68387103,-0.31937024,-0.6923104,-0.10440845,1.766688,-0.72986436,-0.23696584,1.1231939
0.4011175,-1.1591532,-0.2918941,1.3101989,-0.44092903,-1.7539731,-0.28622556,1.1150377
-0.590978,-1.6743363,0.650827,-1.0290029,-0.49514583,-0.16588992,-0.76409423,0.8913868
1.2887384,0.099910855,0.46613893,-0.19726239,-0.037594076,0.34964263,0.1903982,-0.96577525
-0.42077732,-0.32175747,0.36573383,-0.69090605,-0.78398454,0.5821308,-0.64944863,0.47468776
-0.06195007,-0.28990713,0.4088525,0.30362272,-0.96894205,0.32756162,0.29483935,-0.7201281
-0.4471996,1.0583212,-0.097512476,-0.10745599,-1.07956,0.3738246,0.039847963,-0.09509083
0.4956815,-0.41264713,0.26576638,-1.1881468,1.3105292,0.6454169,0.5552753,-0.741095
-0.23818313,1.1387715,-0.27016896,1.41505,-0.64860326,1.3247312,-0.47506633,0.5257902
-0.14389165,0.7234379,-1.1328173,-0.5634821,-1.079938,0.08624969,-0.5685331,-0.5756451
-0.0051106494,0.6788809,0.32211095,0.906883,-0.62569946,-0.093593694,0.15030314,0.75654316
-0.13164884,1.1790152,0.65212846,-0.29596227,-0.7933129,0.26246813,0.4224308,-0.10142737
0.9065172,0.91317546,-0.8007452,0.8375863,0.3456215,0.8698385,-1.2719601,0.24619286
0.052632213,0.18470274,-1.8624231,0.30094653,1.58129,-0.9040895,0.55453086,0.2700235
-0.31112313,0.063138045,0.60607797,-1.6998763,-0.31767732,0.08453694,-0.65713215,0.7452081
0.3458582,-0.3237376,-0.25503656,-1.9026724,-0.20581533,-0.234847,-1.1168264,0.19617975
-2.7155175,-0.4790812,0.633261,0.6885801,0.6419912,0.23707366,-3.0191848,-1.1713556
0.22176573,0.8395253,0.9189979,0.74124354,-0.7208115,-0.36505085,0.60891443,0.64459467
0.28759065,0.7172444,-1.163909,-0.07543715,-0.69137096,-0.111762375,-0.6686014,-0.3209579
-0.8138172,0.02308905,0.54910755,-1.0005476,0.74353224,0.4854607,0.66433954,0.7505002
0.2765928,-2.0145826,-0.14628695,0.71414924,-0.9233202,-0.6210241,-0.21821322,-0.32090718
-0.21115842,0.47884622,0.044902798,0.00064994884,-0.8347232,-0.025568657,-0.18658592,0.39464992
0.95135534,0.31569254,0.6775422,-1.3959349,0.1691364,-0.050637025,-0.684179,0.6160936
-1.3623464,0.24288665,-0.74051106,-0.49927086,-0.41200715,-0.23153499,1.1078379,-0.66452765
-0.2988469,0.6476859,0.4013329,0.98354715,-0.5786593,1.607881,-0.46320146,0.657042
0.41356817,0.29770848,0.35573736,1.5534632,-0.37547615,-0.5390479,0.28026435,1.0651649
0.15764306,-0.11068612,-1.417268,-0.3842212,1.0998213,-0.5722901,-0.16835505,-0.08269573
1.5064083,-0.78509086,0.85999507,1.685426,0.9137423,0.8818624,-0.73734516,0.7064593
-0.63157964,0.20319752,-1.8145431,0.14932753,1.4177808,1.354051,-0.36429644,0.39374134
-0.9320716,-1.0341607,-1.0965296,0.7147863,-0.15988338,-0.7006254,0.7916509,0.40268388
0.9733857,-1.2734126,0.6572726,0.5377571,-0.0048005446,-0.56694806,-0.18310371,0.23609969
-0.123092815,0.21108684,-1.5308027,0.18643576,0.8812342,-0.52935904,-0.004520957,0.17013222
-0.2552972,-0.100371756,1.2529433,-1.7648586,-0.35002494,0.06708819,-0.38881958,1.2577417
-1.1220976,0.7335443,-0.7841208,0.93834126,0.5270606,1.3922457,0.301514,0.57564086
-0.5064284,-0.58652866,-0.60222507,0.2900599,0.40966767,-0.08118732,0.9834937,-0.7095248
0.62884396,-1.0832965,-1.0042793,-0.23046975,1.7656189,-1.4298649,-0.62144095,1.1300323
0.036429703,-0.88333726,0.7078582,-0.18600042,-0.8250708,0.063977584,0.1366925,-0.74146
-3.3604228,0.74890524,1.1874906,1.2590777,1.4928033,-0.3919078,-3.5229053,-2.6620681
0.17607091,1.2585578,-0.35634607,-0.5519958,-0.85468376,-0.112920925,-0.11112139,-0.5868687
1.2495139,0.80320585,0.12204594,-0.1757034,-0.17820238,0.99966425,0.4379658,-1.8913367
1.0716549,0.49051002,-1.3064281,0.5606466,0.033247862,-1.2450069,-0.95410854,0.18734863
-0.009539107,-1.1101918,0.71704865,-0.6540321,-0.8680198,0.63456655,0.072194435,-0.7656675
-1.8165606,-1.1186543,3.0344799,-0.14605814,2.335871,0.7393183,-2.915959,-0.71424574
1.1151011,-0.70330447,2.0210247,-0.89014125,0.7295453,1.1209921,-0.33734274,0.89083797
-0.54128397,0.58517843,-1.5612577,-0.697922,1.2343518,-0.34019157,0.8807024,-0.45229965
-0.6437922,0.460705,-0.0018604696,0.40730155,-1.5221003,-0.503387,0.427796,0.1060267
0.067091346,0.6345664,-0.9371218,-0.5815913,-1.034632,0.048814718,-0.20721963,-0.87770295
1.8112441,-1.0712516,-0.4213945,0.9329875,0.94009936,0.6185748,-1.7732908,-0.03380088
1.7348139,0.46689552,-0.14807178,0.98483366,0.7569223,1.75118,-0.7630569,-1.2059968
-1.0476838,-0.8592672,2.0140455,-0.452135,2.2592063,-1.4389757,-2.2095237,-1.7637074
-0.0074814595,1.083229,0.5747011,0.7511131,-0.97129697,-0.051335268,0.72872853,0.008054808
-0.3317388,-0.044306792,0.07367092,-0.67401934,-1.0732795,0.46097046,-0.44238275,-0.102274224
-0.07893444,0.4872325,-0.5929809,-0.9124276,0.8017397,0.008995684,0.63857794,0.16850182
0.8594652,-0.25598466,-0.5453616,-0.3121102,0.40563738,-1.2223178,-0.95428693,0.29822144
0.04765006,-0.5072124,0.17590868,0.54264975,0.95835453,-0.22231565,1.3275132,0.04238343
-0.5278762,0.38645667,-0.086625546,0.64055634,-0.93309015,1.8050779,-0.64888036,-0.04572939
0.96628076,-1.2774336,1.2692701,0.98520046,1.7070216,-0.6602002,0.6883055,0.8581301
0.2957155,-0.78294957,0.021900697,2.2618065,-0.48190066,1.892259,-0.38880223,-0.34014678
-0.6049881,-0.67375237,-0.43278754,0.63774383,0.8931803,-0.059094585,1.7598075,-0.06508986
-0.3838636,0.4552333,0.71634513,0.20805198,-0.5914578,0.73529816,-0.01204277,0.78520775
2.1083624,-0.7312937,0.08310166,-0.13190576,1.2623817,-1.4454052,-1.3076719,1.5287746
-0.034705505,0.7959057,-0.20262021,0.34185866,1.2381092,0.15884712,0.7398447,0.44905996
0.011117871,1.1537627,-0.5427316,0.5648892,-0.6557443,-0.0029375474,-0.19606906,0.19525556
1.304684,-0.8803919,0.0004817529,0.884787,0.54957545,-1.7508112,-0.80370694,1.6099643
-0.8281398,1.1720498,-1.5025778,-0.74929553,0.7776224,0.5752776,0.9548306,-1.0873233
-0.2776385,1.3124611,0.24565683,0.3618056,-1.1182815,-0.45229006,0.6779703,-0.012070628
0.60767895,-0.099066764,-0.09365436,0.73577905,-0.103577666,-1.0301114,-0.62710804,1.1444074
0.6763951,-0.5785744,-0.2801585,-0.58308864,-0.54187423,0.27233842,-0.46140286,-1.0772527
-0.12800327,-0.81990695,-0.6024552,-1.323378,1.3470744,0.3279483,0.8414891,-0.60825086
-0.5116282,0.77352613,0.08266702,-0.3534753,0.62492824,0.32673493,1.3324252,-0.14517242
-0.5686688,-0.52564245,-0.2861183,0.03669736,0.49886176,-0.26527858,0.6727611,0.5150789
-1.8007013,1.2931561,0.9055512,2.5523186,1.1241562,-0.15897207,-1.8398784,-0.87932163
-0.88376665,-0.75320405,-0.63618666,0.362854,-1.0605775,1.2022253,-1.2248541,0.32548648
1.5668613,-0.108636945,0.9159497,-0.9276798,0.49847993,0.8948175,-0.34969243,-0.906866
-0.06986937,0.15036117,-0.15084869,0.7221472,1.115229,-0.6949976,0.7338002,1.0081325
-0.7108946,0.6067293,-0.2177005,0.017238267,0.6919664,0.7327169,0.7531956,0.15005612
-2.6467621,1.2813841,2.0230412,2.1641245,1.8502469,-2.1123688,-2.6287494,-1.5262394
0.31138855,0.627974,-1.0492533,0.012600759,-0.12882179,1.2825596,-1.5276327,-0.33035854
0.10015496,0.2791871,-0.8754084,-0.5013535,-0.8762615,-0.16409083,-0.61708325,-0.10587625
0.29023847,0.9724867,-1.0638992,-0.33400303,-0.08588754,0.69624746,-1.3872384,0.089496784
0.5993171,1.0944103,-0.5463924,-0.15442888,-0.4684185,-0.04975779,-0.21290724,-0.3876892
-0.5610529,-1.9382863,-0.82646984,1.0880418,0.12486323,-0.0625482,0.95192,-0.7587508
-0.5504998,0.13993296,-0.60019815,-0.30628178,-1.2595237,-0.47225392,-0.28492922,-0.20535623
0.32919642,0.6938041,-0.84586567,-0.109921016,-0.89616656,-0.5204362,-0.36648247,-0.67006695
0.9576544,-1.4424849,1.397691,0.008573424,0.37698144,-0.021929227,-0.23340255,0.26964378
-0.3572284,0.8771173,0.33386108,0.9448437,-0.5108243,1.4825418,-0.527289,0.50850964
-0.030702075,0.7483175,-0.8149475,-0.46640882,-1.0943555,-0.079319715,-0.22831024,-0.9046939
0.85520715,-1.5930043,-0.28714016,1.1312307,-0.5339513,-0.7259657,-0.10177643,-0.27948242
-1.1770148,-0.17943202,-0.50117695,0.31144658,0.84277964,-0.36500865,1.2952588,1.1026493
-1.062051,0.45006016,-0.57684237,0.866998,1.0361681,1.2172408,0.3452267,0.7901859
0.4390892,-0.42297968,-0.056038164,0.9441462,-0.3781692,-0.23074713,-0.61288106,0.67683333
0.407206,-0.68721616,-0.9951071,-0.025869638,1.6707684,-0.14397135,0.87922835,-0.60021204
0.564571,-0.09748141,0.6268973,1.0030317,-0.50835264,-0.7721966,0.7214533,-0.10284335
-0.3494205,0.3310037,0.28841543,-0.76506776,-0.6427002,0.506714,-0.5065703,0.40076894
-0.6752425,0.55295557,-0.085178055,0.078811005,-0.89012235,1.6381079,-1.049563,0.53572905
-0.68921417,-0.22954234,-0.49537504,0.04890706,1.2049034,-0.5886862,0.9687787,1.2960631
-0.64055663,-0.22963932,0.021085275,-0.16535175,0.81211716,0.9563966,1.4417318,-0.6590491
-0.8061888,0.53124446,-0.63686377,1.5576612,-1.2008988,1.328441,-0.37415433,0.36019424
-0.38750735,-1.100098,-0.52915525,0.42818096,-1.3920758,0.41094345,-0.35942173,-0.9600702
-0.46704343,0.55096155,-0.21734197,0.38203612,-1.3529121,-0.3759463,0.21299532,0.14548363
-0.05242354,-0.58334345,0.4874094,-0.37619618,-0.6890566,0.38498375,-0.53976095,0.7000889
-0.2718718,-0.8312469,-0.2575943,0.18680552,-1.4983262,0.3456269,0.105241135,-1.275015
0.8051453,-0.051130455,0.7507278,-1.4851508,0.8620743,-0.11021651,-0.97666734,0.9607035
0.20187154,-0.08046237,-0.26454166,0.69141215,-0.8483177,-0.43281257,-0.22071812,0.3370118
-0.3385267,0.2654407,0.025392778,0.47564957,0.85063267,-0.4297568,1.032546,0.9025191
0.043294255,0.52416587,-1.2201836,-0.009794958,1.4174584,1.3222249,-0.4676611,0.19485785
0.45457652,1.1441728,-0.82581353,0.38460702,-0.081952564,0.94991446,-1.022911,-0.14177994
-0.4522332,1.0137525,-0.060865663,0.36338717,-1.1071609,-0.278431,0.12770133,0.110633425
0.27026036,0.87093884,-0.89506274,-0.012091284,1.0064788,1.5778387,0.78384787,-1.9117371
1.0482395,-0.36469284,-0.3112601,0.20434569,-0.42452508,-0.34356865,-0.13740683,-1.109492
0.47160742,-1.672539,-0.48221835,1.3456788,-0.9279804,-1.2888266,0.14301518,-0.71850157
-0.9317182,-0.39667264,-0.41873085,-0.39889398,0.21194749,-0.119862445,0.90305084,0.15678027
-0.21408279,-0.1732933,0.049814988,-0.29335576,-0.8117435,0.41056785,-0.57041687,0.34747216
0.40453106,1.3108071,-0.548674,-0.3017279,-0.7129707,-0.10318318,0.034023616,-0.5156175
0.4601167,1.7310225,-0.7761243,0.36320412,-0.26363832,1.4601328,-0.6672196,-0.83173335
-0.57547545,-1.6012312,-1.6738304,2.2582617,1.6034546,0.21629196,-0.3459633,1.7162638
0.5247266,1.1052305,-0.10230313,-0.41875678,-0.7376745,-0.080277555,0.16752034,-0.4250755
-0.67680746,0.66239226,-0.4025204,0.5885655,-0.8242722,1.550799,-0.94217736,0.4836886
0.0328961,0.49758258,-1.2057985,-0.42621765,-0.8868684,-0.23122789,-0.6923868,-0.4026959
-0.69017833,0.8780988,-1.666814,-0.18813477,1.198017,1.7038723,0.08672375,-0.4904921
-0.4014336,0.4326061,0.18159774,-0.054998532,-1.0720223,0.105601914,-0.007989732,0.25455916
-0.68262833,-0.9894088,-0.22008736,-0.2385732,-1.3998681,-0.42729315,-0.2339062,0.18955126
-0.13698003,0.2652736,-0.36747766,0.60788745,-1.0940479,-0.75484854,-0.028319297,0.39259905
0.7010882,-0.5690111,0.59715074,0.4618335,0.53177714,-1.142106,-0.48676115,1.7586058
1.290128,-1.4206535,-0.22030614,-1.2138048,0.7791326,-1.4830575,-1.7494828,1.539539
1.2789102,0.21476914,1.1065015,1.109315,0.19129671,0.040828586,0.42444357,-0.016648553
0.532786,-0.42153773,-0.52031857,-1.3663013,-0.049941383,-0.28008682,-1.30921,0.5273168
1.6762935,-0.49872062,1.1167238,0.96200895,1.4283556,-1.6596001,-0.5612256,2.33873
0.22355677,0.6889215,-1.2684506,0.07918668,-0.8137959,-0.36161658,-0.65500724,-0.19110142
0.20562002,1.1964877,0.9375967,-0.5474043,-0.43429506,0.55060285,0.22591178,0.08744766
-0.5932765,-1.8828518,-0.25653696,0.42161584,-1.6472785,-0.31665215,0.031192537,-0.6808541
0.83660036,-1.6061753,0.76766175,0.87573594,1.0904111,0.91270983,-1.4705462,1.0557573
0.10784156,0.87419677,0.2691604,0.8146897,-0.67456985,-0.41890213,0.3482448,0.54788
0.8795883,-0.43291336,-0.12814616,-0.75956476,-0.47799253,-0.0978769,-0.23545545,-1.5323868
0.09192272,-1.6109176,-0.032076605,-0.010439915,-0.94177234,0.15734354,-0.1786375,-0.6719249
-0.22970682,0.6623228,1.0787582,-1.0277966,-0.62343556,0.5659489,-0.12076906,0.7120146
-0.055800013,0.5853916,0.22465038,0.741491,-0.6394977,-0.20007901,0.054791093,1.0237448
0.2491044,0.1830521,0.9044282,0.22610705,-0.44546017,0.5538118,0.40912947,-0.60387874
0.46330094,-1.2435968,0.739998,0.63279575,-0.6759576,0.18112613,0.30394068,-0.12220987
-0.008011211,-1.2000211,-0.42392203,0.35135776,-1.1712263,0.0994624,-0.16992308,-1.0797907
-0.22669753,0.08899263,0.1478203,0.034783173,-0.81874424,-0.06919457,-0.14388752,0.5513168
-0.4201754,0.24863516,0.2961989,-0.7124212,-0.59941256,0.83702433,-0.5932946,0.1547645
-1.1492677,-0.22286151,-1.0615299,1.3037823,1.2260876,1.2121261,0.46298435,0.84691906
-0.35940227,0.42278817,-0.22137932,0.68670225,-1.2651384,0.035655223,0.107790545,0.038968574
1.033384,-0.12411738,-0.2969465,0.17088358,-0.5213694,-0.050239716,0.14575042,-1.265914
0.1932255,-0.45300737,1.2612622,-0.5553973,-0.60740155,0.6627044,0.19705486,-0.22533238
-0.5453283,-1.2224021,-0.1743455,-1.045232,-0.8747263,0.0050170994,-1.0430576,0.5161248
0.13405654,0.0042327605,-0.5468105,0.29660833,1.0597657,-1.0734091,0.52473533,0.673455
1.6215646,-0.076879054,-0.20095368,1.1753057,0.6082381,0.85797656,-0.8245657,-0.35339805
0.68738705,-0.2624799,-0.44672558,0.029702013,1.1146858,0.19527417,0.9550022,-0.7645846
0.25485423,-0.32529688,1.1755823,-0.27937973,-0.057493135,0.07224232,-0.37915227,1.5835971
0.3721082,1.1240941,-0.73206645,-0.97122943,-0.6018472,-0.69565517,-0.21746925,-0.5720419
-0.059451193,0.4567663,0.17809142,-1.6048967,0.9228694,0.7342684,-0.27268857,0.36682147
0.021480765,-0.5866578,-0.99677706,-0.94270295,1.3917302,0.74282014,0.9049239,-1.283455
0.5701775,1.326876,-0.8602902,-0.3009778,-0.46108773,-0.69103754,-0.24258944,-0.49377093
0.88512,-1.5442102,-0.91912454,-0.059912987,1.3791037,-0.9814951,0.084311925,-0.2527964
-1.3135186,-0.2260983,-0.4705985,-0.44080144,0.8591516,0.012231927,0.88584894,0.8328119
0.99356556,0.49728736,-0.30262634,-0.100506835,0.07285084,-0.5339127,-0.6754609,0.20682687
-0.4390877,0.6162612,-0.62955564,0.29206055,-0.6411211,1.2099566,-1.1166859,0.059637718
0.33332887,-1.951547,0.57301253,0.23921274,-0.48833027,-0.14382863,-0.0982457,0.05217058
-0.07348888,-1.0331867,-0.75522065,1.1214787,0.84369135,-1.1451954,0.6392194,0.8232871
0.34793013,-0.4875837,0.47291762,0.24374919,-0.8718552,-0.17362091,0.3433243,-0.51869583
-0.34343728,0.90232706,0.56799805,-0.18387818,-0.85902727,0.5757089,0.1290558,0.30931166
-0.33037493,-1.1246326,-0.73025334,0.6941111,0.87292564,0.15761316,1.0668949,-0.67981976
-0.08099801,-0.88526946,-0.13892826,0.7106811,0.77556044,-0.18959768,1.1139876,-0.21563819
0.37862974,-0.6999452,-1.0156405,-0.24547042,1.620697,-0.095550805,1.0351493,-0.42408
0.28054744,0.9805653,-0.99035037,-0.47909144,-0.84282005,-0.1337035,-0.22832516,-0.7119826
0.39631563,1.0182537,0.13253593,-0.8418217,-0.46278745,0.4756326,-0.27675647,-0.123264454
1.3979445,-0.16674808,0.43923235,0.82798356,1.093692,-2.3166783,-0.46471354,1.9553077
-2.526367,0.7008027,1.3829495,0.09131179,0.64693993,-0.6524954,-1.9404598,-1.2675936
-0.6849099,-1.6082071,0.31367075,-1.6948558,0.66573447,-0.475555,-0.53441,1.1874862
-0.1488294,0.5981808,0.17002504,0.10896323,-0.96899754,-0.0072323163,0.13687462,-0.034283824
-0.41826275,-0.46303672,-0.14910318,0.5898508,1.8777567,0.82519335,-0.38593936,2.0108461
0.47764787,1.2024696,0.2119808,0.8721446,0.13601774,1.2106774,-0.51601684,0.19231834
2.049342,-1.3715688,0.32862523,0.20232596,2.6812205,-0.8430611,-0.6977491,0.66683185
-0.68841386,0.9434319,0.4215161,-0.14469776,0.19286884,0.06165584,1.5623747,0.042709235
0.8082283,1.5421566,-0.24125698,-0.4060325,-0.3495664,0.07251032,-0.018542971,-0.7435229
-0.9896701,-0.9151808,-0.13325773,-0.171149,-1.6521702,0.16845651,-0.13435696,0.16453886
-0.8112405,-0.35475484,-0.52993,0.315048,0.7271704,0.68009675,1.5668932,-0.24907665
-0.62237674,-0.1651071,0.3251772,-0.01538178,-1.2747843,0.575682,-0.22205493,0.20025396
-0.084495805,-0.34311152,-0.5362555,0.99661624,-0.9349432,-0.6198629,-0.13704766,0.37426028
0.36041293,-0.43255386,1.0015787,-0.49280587,0.5120156,-1.027005,-0.4846155,1.6039797
-0.094809234,-2.0412364,0.8371767,-1.2965761,-0.81367093,0.38187912,-0.34770063,-0.2838546
-0.09046508,1.1565094,0.3821248,0.13214901,-0.865989,0.2565962,0.48943114,0.16138475
0.55598646,0.4953825,0.56040746,0.47769934,-0.10248615,-0.6482144,0.04330472,0.89645547
-0.35653087,0.54613614,0.17215993,-0.047622174,-1.0309346,0.056698598,-0.048031293,0.36113402
0.35625938,-0.20752728,1.5165256,0.01598807,-0.33194056,1.0182111,0.25338572,-0.070127524
-0.06588327,-1.7053906,0.6348018,-0.78047436,-0.8766364,0.45322025,0.053148158,-0.8725467
1.8205721,-0.47993016,-0.54895,1.1768976,1.0514481,0.440368,-1.4448307,-0.18503127
0.6651559,1.2628503,-0.6311749,0.26043713,-0.41478142,0.13640322,-0.23673216,-0.21917786
0.34365827,0.8930745,-0.15517873,-0.831707,-0.4056636,-0.0055787372,-0.39856905,-0.06544106
-1.5332291,-0.7056856,-1.2171066,-0.14599763,0.16501772,-0.032291584,0.93570846,0.21430981
-0.05541068,0.70627415,0.7531293,0.3383522,-0.82768035,-0.14185448,0.5449153,0.2826379
0.2807916,-0.5136688,-0.6763211,0.5803538,-1.0312303,-1.3284733,-0.16669947,9.285752e-05
0.33210316,-1.7689644,-0.10567278,-0.0912236,-0.04628034,-0.6260839,-1.2317487,1.3997518
-0.13512056,1.4138533,0.74499756,-0.39056703,-0.9993518,0.2324201,0.3935027,0.23587796
1.2083163,0.011440807,-0.39783064,0.050303765,-0.35541606,-0.1569504,0.2242802,-1.8298924
0.44220468,0.5334665,0.8572997,1.1676011,-0.27068406,1.9262514,0.096875295,-0.44814587
-0.02307233,-0.34228292,0.26588804,0.8866081,0.9932394,0.28270507,1.0539144,-0.05716292
0.42306554,1.0120701,-0.6187728,-0.75725347,-0.50830674,-0.75949603,-0.24855852,-0.60070276
0.14080848,0.0002049426,0.9002635,-0.5316181,1.2996267,-0.7316815,0.26572847,1.5432894
0.548865,1.4044155,-0.09732034,-0.9277613,-0.58730024,0.26010585,0.03738795,-0.8135225
-1.5967677,-0.010663927,-0.37061527,-0.04280913,-0.0111410655,0.69307745,0.6977214,0.4929119
-0.06577117,0.021681484,-0.33686975,1.4017639,-0.47232246,0.7465064,-0.8284502,0.7857252
0.16690205,-1.2096616,0.34580278,0.61832535,-1.0890061,-0.13629726,0.31400287,-0.782341
0.6847072,-0.32351327,0.13243213,0.35339338,-0.037047677,-0.9234002,-0.521994,1.317934
1.023833,0.60102516,0.31313285,1.6497605,-0.24701905,-1.501977,0.3785343,0.82184637
1.6444561,-0.94981253,-0.1696451,-0.3207295,1.3571739,-1.7871009,-1.6524701,1.6056131
1.0641999,-0.553028,1.3788506,0.5965849,0.67931867,-0.098386146,0.24910195,0.24066028
-0.6332434,0.74791414,-0.750077,1.2164305,-1.0786959,1.1056125,-0.85386056,0.45391387
-1.1995838,-0.09775619,-0.58261305,-0.44382,0.11470641,-0.1607374,0.8075873,0.23331033
0.10790828,0.84007484,-1.1745439,-0.32972902,-1.0306566,-0.19981104,-0.4301589,-0.57862437
-0.04942894,-1.9489869,0.4480123,-0.7058411,-0.78876597,0.5216825,-0.4642526,0.008244493
-0.027673371,-0.6947145,0.5696827,-0.15939087,-0.10527896,0.29202676,-0.6041821,0.83140254
-1.0951004,-0.7996527,-1.7482175,1.0788096,0.4766052,0.9577451,-0.6001512,0.26243111
0.55476516,-0.6131353,0.34360063,1.1049336,-0.34144196,1.5422977,-0.26984823,-0.37794194
0.18601964,-1.2056202,1.2233411,-1.0073198,-0.19601853,0.02854151,-0.6099807,1.476634
-0.5127608,-1.1102484,1.0159013,-1.2104603,-0.60174626,0.049894303,-0.7537152,1.4692291
0.2166978,0.47982675,-0.6831421,2.136109,1.719225,0.55283093,-0.15546604,1.311903
0.7993172,0.0064764735,-0.52488965,0.56847835,1.3185561,0.2693299,0.84203637,-0.81641024
0.1327811,0.45167896,0.21998484,0.4479987,-0.31733316,-0.3375892,-0.15673865,0.6071543
0.35563004,-0.64306045,0.54364944,0.4463144,-0.58677256,-0.07818939,0.4260613,-0.66023546
1.3080604,0.82591647,-0.56558394,0.5495138,-0.048612095,-1.1717236,-0.3063855,0.20511676
0.24784562,-0.52180666,0.579222,0.56791675,-0.42117125,2.3861954,-0.4899784,-0.82114387
-0.3603691,-0.48841676,0.3228602,-0.73973686,-0.99286664,0.25913665,-0.46476987,0.18053804
-0.51426303,-0.17145017,-0.4793532,-0.05449404,-1.3259649,-0.1110327,-0.17215584,-0.6408546
0.4024532,1.2691948,-1.0466415,0.44955587,-0.3117034,1.0736735,-0.9110069,-0.19758886
1.2258565,-1.1802762,1.3875293,-2.6603081,0.6410384,0.5336204,-0.8035582,-0.28992015
0.4953593,0.7436952,-0.7368067,-0.6485471,-0.26723328,-1.1549599,-0.4751382,-0.22281693
-0.74362314,-0.88770765,-0.5654065,-0.046827383,0.14900412,0.19920109,1.8062251,-1.1798173
-0.16760427,0.60495794,-1.7080458,-0.23970355,1.2862775,-0.60156214,0.9485634,-0.08433825
-0.19310382,-0.5452942,0.5680075,0.7624046,-1.3095256,0.1545138,0.6896187,-0.5833887
-0.14942335,-1.4780439,0.111915305,0.12609464,1.7115511,0.13859753,1.0523933,0.36079627
0.54887575,1.4870749,-0.30622578,-0.5548077,-0.7047154,0.09478428,0.18919314,-1.1322032
-0.90857375,-0.27515233,-0.7226102,1.0665646,0.91366386,-0.49429387,1.1160954,1.2516063
0.034303397,-0.13803758,1.2841549,0.37211746,-0.79146016,1.134297,0.7037563,-0.62698567
-0.49334246,-0.83132607,-0.17068405,-0.59572387,-1.0194228,0.2685657,-0.88153803,0.24718371
0.67365474,0.15516472,-0.044698354,-0.46484885,1.6734549,-0.28312942,-0.50436866,1.0009389
-0.62840164,0.9872282,-1.2263618,-0.88084686,-0.12682837,-0.10775844,0.9023947,-1.0317591
0.2616757,0.14761995,-0.9879189,0.025576448,-0.47634053,-0.19769129,-0.885379,-0.16603693
-0.6632133,0.2606193,-0.3998547,0.35870066,0.5629936,-1.0294666,1.1650693,0.84461355
-0.17108443,-1.4770753,-0.36430356,0.86178344,-0.93340105,-0.95044744,-0.57745653,1.0116693
0.6271899,-0.46750152,0.99644566,0.5981055,-0.23228827,0.327502,0.30089495,-0.20304766
-0.26273152,0.37976408,-0.09307016,0.82981706,0.81943274,-0.5022325,0.9838234,0.8581498
0.25749826,0.15030138,1.0793029,-0.5461349,-0.028463466,0.4913715,-0.36700684,1.0317268
0.43963286,-1.2435784,0.74325734,-0.420271,-0.51780796,0.053830948,-0.08847047,-0.6520354
-0.31103218,0.948872,0.017114853,0.09815039,-1.0854455,-0.6575485,0.46073374,0.20943697
-3.14457,1.2912241,2.49642,0.5579767,1.5173454,-1.9157418,-2.3645792,-2.3414917
1.5448303,-1.2129438,0.60646266,1.5384773,0.24312532,-0.222044,-0.11839365,0.098815754
-0.3297339,0.4355383,-0.28769323,0.5050034,-1.1510342,0.23690704,0.008621522,-0.12698893
0.889852,-0.7484433,1.6807077,0.29633474,0.31955805,-0.23548184,0.4556647,0.3703754
0.9020192,-0.45881248,0.23906694,0.5430213,0.73244226,-1.4807131,-0.7285618,1.44264
1.6066124,0.24970445,0.02068913,0.5984522,0.14639379,0.18884858,0.09965681,-0.97004557
0.6935865,-0.03278675,0.18335989,-1.872247,0.23343055,-0.4938595,-0.95365703,0.5944282
0.25413916,0.53072655,0.014125189,0.15587986,-0.3847324,-0.29374397,-0.36169052,0.41643757
0.45119354,1.3926034,-0.30511686,-0.39629194,-0.6602504,-0.16419934,0.009828379,-0.39921618
0.11214254,0.4174974,-0.67204916,0.79772353,1.0675263,-1.5351663,1.0407995,0.69221985
-0.069521174,0.73583746,-0.7628161,-0.49267495,0.6454457,-0.380834,0.8474167,-0.06270441
-1.5081605,-1.155082,-1.1296751,0.21070577,0.2509903,-0.64683163,1.0534501,0.4776437
0.32268575,0.28947574,-0.9116688,-0.38808867,-0.4331544,-0.15168007,-1.0107883,0.17928188
-0.10715399,0.8794195,0.0010596528,-0.5083748,-0.8421604,0.10460093,-0.18879586,-0.15885472
-0.15541933,-0.03508765,-0.20669049,0.9547483,-1.0142847,-0.7977075,0.07835059,0.65813446
1.3740479,0.008145604,0.71116847,2.1929963,0.57315886,1.2831594,-0.27814126,0.33907732
1.3531635,-1.3529919,1.2654405,0.6812268,0.8314426,-0.70623845,-0.23526947,0.8010989
-1.0851834,0.47561184,-0.29265997,-0.8218166,0.46705073,0.6336098,0.5965237,0.2502286
0.0475514,-0.5200009,-0.96652764,-0.40272155,1.2345974,0.32948214,1.0542015,-0.96460986
-0.0810752,-0.2744878,1.6448524,-1.7850168,-0.17910127,0.11536876,-0.1898848,1.3575554
0.709176,-0.853045,0.7104356,0.13590892,-0.5343478,0.02522553,0.61653787,-0.9068128
-0.7722628,-0.41774467,-0.27836013,0.37889725,0.7974325,-0.010748243,1.7542243,-0.3740503
1.1932247,-0.27251676,0.36864713,-0.8288332,-0.09666756,0.3164519,-0.22234775,-0.7995397
-0.30622536,0.34263733,1.1482369,-0.9191095,-0.52247405,0.8364023,-0.17556398,0.7800067
0.037272774,0.07422922,-0.09572217,0.60263264,-0.5742049,-0.74233174,-0.15450414,1.0608267
-1.5031955,-0.14633885,-0.5516622,0.87866604,0.27721864,1.4619606,0.17956688,0.7562475
0.42928618,1.105425,-0.141478,0.37776425,-0.42760846,-0.6866519,0.18122578,-0.1727903
0.36370113,0.9065393,-1.0005851,-0.20879647,-0.66312355,-0.10127534,-0.44542816,-0.65471715
-1.3744822,-1.0096447,-1.2927061,0.47487128,0.19373578,-0.5544577,1.2045287,0.43289194
-1.0713272,0.14819796,-0.7993539,0.5843189,0.85589087,0.0726659,1.1121535,0.8800486
-0.7012901,-0.93841267,-0.12343095,-0.21706712,-1.2753872,-0.021324722,-0.50940955,0.3717812
0.61710894,-0.5974355,0.18751732,0.09375169,-0.24120584,-0.61718494,-0.22418135,0.8221211
1.0186923,0.16708222,-0.7960507,0.061952114,-0.018674418,-0.9712855,-0.7659882,0.32806247
-1.1276354,-0.6813276,-1.228752,0.5928784,0.43614292,-0.5231547,1.148263,0.32854873
0.98982054,0.25768942,-0.6265208,-0.16761862,0.15044178,-1.416801,-0.5698482,0.3607352
-0.5254423,0.058933385,0.021464953,0.6308947,-1.5210087,-0.008133941,0.4530045,-0.12161542
0.3581559,0.2018055,-0.6244908,-1.0509973,-0.42567384,-0.22776712,-0.88810086,-0.07565927
-0.18488665,-0.099895194,-0.41188967,-0.94874203,0.5745723,1.23491,0.6735369,-1.360247
0.6032642,0.07339926,0.47710347,-2.0277276,0.1500413,0.4784789,-0.79118305,0.40602916
-0.53858244,-0.049275797,0.48332173,0.34906054,0.38848567,0.36961672,1.6261822,-0.3734377
-2.4659626,0.46445656,0.9034798,0.2416558,0.050093196,-1.9543341,-1.1521584,-1.9233677
-0.20937544,0.4502533,0.0016004792,0.32647726,-1.0849515,-0.50058967,0.28507704,0.166311
-1.1051371,-0.096372314,0.38769054,-0.30388767,0.6372137,1.838771,-0.6362546,1.056134
-0.38537252,-0.87056893,-0.48578858,0.47537056,-1.147607,-0.7804342,-0.5513078,0.5139924
-0.7188565,-0.4331387,0.04227119,-0.2518934,0.29352695,0.051286004,1.486358,-0.48786154
-0.3139134,0.4301139,-0.27616358,0.91446483,0.76324826,-0.34312263,0.9983845,0.7508678
0.1603615,0.54244244,-0.7805604,-0.7030193,-0.26794747,1.5751225,-1.484005,0.025085658
0.4840768,0.77500576,-0.42007115,-0.65519845,0.7132126,0.06079913,1.5622689,-1.9804931
-0.2937477,-0.837459,-0.88345575,-1.2360722,0.49691024,0.3176794,0.43621323,-1.1964457
0.21894678,-1.0539951,0.12963445,0.60571235,0.9287646,-0.5433829,1.1024995,0.10329717
-0.1821773,-0.026922423,0.31062323,-0.8119252,-0.7494836,-0.46893537,-0.38990447,0.6809729
0.1872287,0.7642385,0.60288906,0.43322146,-0.62803006,-0.3711322,0.34683406,0.4770319
-0.18075031,-0.009721818,-1.459354,0.6494886,0.6519617,1.5713122,-0.042956118,-1.4150405
-0.6884469,1.0819788,-1.3236778,-1.2582618,0.8084691,0.14571156,1.0556409,-0.8830949
-0.41428775,0.14853586,-0.07648556,0.5035597,-0.6492167,1.1347249,-0.833437,0.5311474
0.04051305,-0.5337423,0.57398415,-0.5714085,-0.75504494,0.4052595,0.029077938,-0.4876363
0.4722674,-0.6030054,-1.2471414,0.080797724,1.8807127,0.10057079,0.7828555,-0.8237448
0.45549247,0.23402925,-0.1332131,-1.4803854,-0.21491796,-0.3145143,-0.86736405,0.32485288
-1.2391151,0.14751711,-0.4131961,-0.1842408,0.5967358,0.06446125,1.6203625,0.40978405
0.49320394,1.1267691,-0.66397,-0.28491768,-0.5346352,-0.12275074,-0.32387915,-0.5338449
-0.323194,1.4524438,-0.83325917,-0.95139575,0.46306115,0.38199994,0.8546539,-1.1733114
0.116865985,0.8465538,-0.4226067,-0.71658075,-0.6546483,0.32170627,-0.4322138,-0.46099666
0.2906101,0.48318958,-0.06567915,-1.3037087,-0.31397814,0.74789864,-0.7959511,-0.10299127
-0.40551063,-0.15020913,-0.4051727,0.12310119,-1.5804007,-0.6688608,0.05048596,-0.25058708
-0.03169613,0.7306821,-1.0664989,-0.19041668,0.89377683,-0.12868524,0.48647094,-0.17289624
0.17088096,-0.05190257,-0.55676305,-0.9843215,0.22782326,1.5429033,-2.0638096,0.41436964
-0.5277363,0.21398394,0.35394287,-0.01066427,0.5799148,-0.020979643,1.1398461,0.8704861
-0.22115518,1.0691236,0.45718724,-0.04377566,-0.91160935,-0.058398735,0.35645807,0.32966018
-0.38180062,-0.56332254,-0.8970432,-1.0912052,1.1039959,0.6644465,0.94406676,-0.8197064
0.8715615,0.0056985556,1.0297493,-1.8484837,0.7419114,0.04791882,-0.74798906,1.0252256
-1.4847808,-0.56456256,-1.3387656,-0.30435842,0.24227661,-0.26805812,1.1886871,0.013143485
-1.1395191,1.229593,-0.16691115,-0.0385058,0.021171298,0.2761905,1.5400931,-0.19365327
0.95172584,0.72573566,-0.8369042,0.8666346,0.018812187,1.0290138,-0.5568483,-1.2845477
-0.50885355,0.64351344,-0.34746954,0.115983956,-1.2435766,-0.32710287,0.03922149,-0.23018588
-0.77778816,-0.31374314,-0.50062776,0.6418891,0.41928357,-0.6518048,0.9598913,0.84470457
0.53611237,0.6139825,-0.5174199,-0.2799509,-0.14651357,1.7436409,-0.8514183,-1.5107303
0.98679787,-0.28908423,-0.32392707,1.5271302,-0.3434574,-1.3639464,-0.11856939,0.6122562
-1.5899575,-1.0417182,-1.0703069,-0.6026793,0.24773444,-0.21223325,0.9128935,0.2646586
-0.0630229,-0.011269275,0.11350829,-0.14924836,-0.98703253,0.16580585,-0.099885,-0.08767232
0.3559151,0.7708433,0.131497,-1.0600597,-0.3926217,0.108055316,-0.36234334,-0.13934945
0.910406,-1.1328305,0.5186523,0.028811686,0.11894034,-1.0315393,-0.532611,1.2040114
-0.5812123,0.27130583,0.15611835,0.066996,-0.56547713,1.6080401,-1.0533863,0.5314036
-0.23554876,-0.8427514,1.2001255,-1.753764,-0.34640113,-0.10302151,-0.6719877,1.3381034
-1.086077,-0.70752686,-0.027377741,-0.48413736,0.77027255,0.87684774,1.3523415,-0.13499299
0.38156697,0.13261189,-0.25117773,1.0724078,-0.47320476,-1.2303531,-0.08655683,0.79905164
-0.061411716,-0.32488236,0.4936325,0.79011565,-0.66558796,1.7212719,-0.29470164,-0.49353337
-0.28322446,-0.3701343,-0.37165794,-0.8019158,-1.0278778,-0.0024001522,-0.7166552,0.16534197
-0.046262935,0.89709496,-0.77675873,-0.51310766,0.6640693,-0.22172843,0.9903075,-0.20580404
0.6331243,-1.0118827,0.113067254,1.3217975,-0.42527875,-0.47249362,0.06979471,0.14829972
0.09561674,1.0892732,0.6500545,0.3127842,-0.85273916,-0.22651383,0.6154257,-0.017586792
1.1859766,-1.4923719,1.3723437,0.2645673,0.6413951,-0.1804083,-0.1559123,0.4643713
-0.07215687,-1.6782867,1.4296634,-0.25334153,1.3215032,0.24252656,0.79017997,0.9790822
-0.09339819,0.5102884,-1.2059324,-0.5136066,0.630857,-0.82364726,0.82690257,-0.18944412
-1.0838237,-0.12778145,-0.6204607,0.16618718,1.0213996,-0.22810693,0.8898827,0.9682999
-0.30979773,-0.50266635,-0.5115792,0.31587052,-1.299724,-0.6264627,-0.20925903,-0.15482326
-0.4654998,0.6067215,0.14971837,-0.2415829,-1.0222998,0.057688687,0.16901693,-0.3091123
0.15107019,-0.04964122,0.44092113,-0.7318277,-0.31049958,-0.47699368,-0.50673985,0.7416914
-0.42959353,0.84584016,0.2460151,0.98346215,-0.7659461,1.601034,-0.47536045,0.56039613
0.3034044,0.30077416,1.5973399,-1.0099248,0.50236493,0.07977792,-0.31002033,1.4964054
0.56209105,-0.9179727,0.7151511,0.11992156,-0.7203884,0.4039949,0.34561563,-0.6579196
0.8299253,0.96862423,-0.38601723,-0.043209065,0.23345494,1.0756124,-1.0182838,-0.070663154
1.3192645,-0.5684343,1.4149079,-0.11666932,1.3671077,-1.0173181,-0.9360931,2.107332
-0.047177445,-1.0703684,-0.277732,0.027242385,-0.8905559,-0.55342704,-0.57516843,0.50396
0.20888224,-0.7325987,0.92193365,0.40941903,-0.8012768,-0.33021328,0.8617784,-0.24044682
-0.09509387,1.3260759,-1.0720245,-0.6343282,0.7030928,-0.16617964,0.895591,-0.85559344
-0.5349294,-0.54848075,-0.59454805,-0.06761692,0.53332263,0.6992614,1.6919428,-1.5975791
0.18578863,0.46966168,0.9368285,1.1255169,-0.54543054,2.1979887,0.1460823,-0.60229915
0.6905588,-0.024846533,0.69653517,0.30346859,1.6712453,-0.89492625,0.014290836,1.8003583
-0.59931177,0.25660208,-0.45302707,1.3524961,-1.2559724,1.7463145,-0.5369182,0.19302452
0.3990508,0.15530892,1.0865017,0.7438759,-0.7070832,0.4742548,0.6429065,-0.53741264
0.028643083,0.061412558,0.23043557,-0.6819248,-0.28751755,-0.031252425,-0.5289549,0.8475152
-0.14984849,1.1885201,-0.11411019,-0.4268601,-0.6370835,0.082833216,0.10756506,-0.24794564
-1.584703,1.7901827,0.4268666,-0.1905679,0.7693565,-1.676674,-1.2418693,-2.7394125
0.06284783,-0.83147967,-0.47206545,0.5985657,0.9847206,-0.6807698,1.1040138,-0.0450939
-1.0070509,-1.3155826,0.28530455,-1.5942873,0.9227351,0.30492845,0.0049636248,0.89547235
1.3292423,-0.42742142,1.1493117,0.906805,1.1112705,-0.92759776,-0.4673209,1.9949071
1.2995493,-0.3616303,-0.74117684,0.60966784,-0.34804806,-0.5977986,-0.19088994,-1.0330477
0.5605581,-1.4630027,-0.39222068,1.1266304,2.180417,-0.16914469,0.60823435,0.67600423
-0.7643665,-1.1150653,0.16612528,-0.33374554,-1.2869521,-0.055003252,-0.29186797,0.40516403
0.06343238,0.0073043513,1.695574,-1.6191326,0.03655203,0.47523704,-0.6015739,1.3887947
0.96400315,0.95512086,-0.3040351,-0.0034528074,-0.21185264,-0.28915116,-0.20557818,-0.52975285
0.41177568,0.5683967,0.3423444,-1.684243,-0.458852,0.13170873,-0.3833105,-0.28362805
0.11248486,-0.042508066,-0.18278532,0.39798307,-0.9934374,-0.5345349,-0.049975593,0.27146608
-1.1697676,-0.04237933,-0.34650853,-0.5350013,0.9149839,0.69032466,0.9653735,0.93030435
0.1728108,-0.45824954,-0.45600525,1.3867568,-0.083681904,0.83423924,-1.1257964,0.7224861
0.30641165,-0.08212491,0.57610303,-0.5985274,0.25279224,-0.5938533,-0.50261354,0.6855761
-0.4940707,-0.58903533,-0.027727783,0.21651706,-1.4028842,-0.037719723,0.16005404,-0.37013033
-0.76280886,0.91158706,-1.322602,-0.51232135,0.5852689,-0.21620579,1.1049999,-0.5687555
0.18734767,0.52894944,0.8075746,-0.42112318,-0.44141424,-0.06443822,0.12802757,0.60537964
0.6807207,0.049478237,1.5005907,-0.63139194,-0.12678903,0.8151513,0.5898378,-0.7216665
-3.106963,-1.092649,2.9080076,0.7128543,1.2872341,-0.91815877,-2.383142,-3.1674926
0.09727949,-0.07027114,0.8510751,0.19062057,-0.7254524,0.77598363,0.3489271,-0.56787264
0.5399149,-1.108371,-1.2030888,-0.03645921,1.0632992,-0.5521653,0.2303155,-0.66936904
1.002677,0.6312597,0.056956407,-0.39491665,-0.3060521,0.2561122,0.24557449,-1.6870635
-0.76261127,0.0010073425,-0.69933146,0.24709775,1.0671552,-0.41955718,1.0269064,0.89925426
0.7817525,-0.31332672,-0.13147159,-0.20382193,2.17446,1.0361167,-1.6106446,1.3756922
0.5013549,-0.6085669,-0.509454,-0.29805413,1.2328409,-0.20600754,0.5257532,-0.7012888
-0.73739344,0.085128486,-0.7127624,-0.11485619,1.1208302,-0.69581836,0.9612501,0.8155176
1.5062608,0.0951801,0.06303787,-0.33888197,0.73943913,-0.75582224,-0.9357554,0.7784422
0.80640376,0.22910215,1.2905557,0.86882186,-0.39347318,-0.049609944,1.1199636,-0.6209669
-0.123729326,0.64609045,-0.7460112,-0.5681113,0.7991282,-0.1797698,0.6868619,-0.17350897
0.11242467,-0.14837137,-0.46000054,1.3247808,-0.10789044,0.38454825,-1.0779618,0.9804771
-0.6899716,0.20411514,-0.7830216,0.50445634,0.65290666,-0.37733373,0.55687284,0.7475581
-1.1575963,0.07656674,1.7113696,1.0226707,0.8604842,-0.96384084,-0.73735285,-2.7558672
-0.4701277,-0.47520646,-0.08306281,-0.22661975,-1.2334949,-0.71109307,0.14738163,-0.11951387
-0.42185682,-1.298787,0.09537022,-1.1792538,-0.5606821,0.23928307,-1.1526086,0.80566293
-0.7068937,-0.5177864,0.10032957,-0.2739836,0.6394146,1.5136251,-0.64556736,0.60557055
-0.19687146,0.41471156,-0.75084245,-0.6663214,0.8727453,0.8415671,1.4129434,-1.938611
-0.7384987,-1.7352663,-0.33480135,-0.6937205,0.33512732,0.6086176,0.51465666,-0.6275807
1.22725,-0.3485813,-0.43123254,-0.10741783,-0.0011096153,-0.0800154,-0.49575904,-0.7155153
-1.6461829,-1.1655114,-0.9493871,-0.32129052,-0.5605684,0.117471755,0.7579001,-0.1660701
-0.42018196,0.19549292,-1.560098,-0.5858468,0.47622275,-0.13153048,0.08173246,-0.43320766
0.22177325,0.31004715,-0.95978427,-0.13653633,0.89977634,-0.88135326,0.59570557,0.023139428
0.4991159,1.546115,-0.5112461,-0.43552905,-0.6686849,0.22433393,-0.05935118,-1.0200095
0.56506914,0.47055018,-0.3089021,-0.9541445,-0.030327715,-0.38249633,-0.7095396,-0.038195245
0.3889102,-0.9942905,1.1706021,-0.70962805,-0.3396768,0.44172144,-0.08450309,-0.13587925
0.4138427,-0.41552478,0.8859928,0.4612006,1.7210822,-0.64539033,-0.18880944,1.9553483
-0.24757734,-2.2134085,-1.0107578,0.22152972,0.49610794,-0.62317026,0.43087417,-0.5466686
0.08945858,-0.5714518,-0.15946297,0.44630778,-0.8348492,-1.3211775,-0.2647916,0.7040609
-0.55302316,-0.41331553,-0.03856477,-0.7964852,0.5355751,0.28818962,1.0206274,-0.6552882
-0.6801923,-0.39200017,0.0626296,0.5448036,-0.08903773,0.2834215,1.7768956,-1.0834147
-0.46638697,-0.118556134,0.37102827,-0.6240144,-0.8027284,0.49881908,-0.45836976,0.5966052
0.21657196,0.59061635,0.8991329,-0.10933113,-0.31324667,-0.10005449,0.19575049,0.67965865
0.92778933,-1.452854,0.4939498,-0.16432773,0.43466443,-0.62215084,-0.9363884,1.6307718
-0.51808167,0.28878403,-0.15096411,0.6777347,-1.4188024,-0.52397835,0.3295742,0.2790174
-1.5750626,-0.19120963,-1.2132186,1.0116397,0.73952246,1.0979847,0.6543703,0.5208886
-0.47623944,0.99382645,-0.315928,0.8968177,-0.9095258,1.3639886,-0.2923204,-0.025018524
0.29226875,-1.5472308,2.0801272,0.6882482,1.8824896,-1.4702691,-1.0596756,0.34464917
-0.7571041,0.70655394,-0.57624334,0.16121139,0.09924137,-0.5092655,1.2275739,-0.26492587
0.70127064,0.44917494,1.1264703,0.6611125,-0.36502212,0.76346517,0.7626993,-1.0120296
-0.16382927,0.54617,0.6637364,0.0023971745,0.5489863,1.2116966,1.646725,-1.3784809
0.18007629,1.1548791,0.394087,0.2432247,-0.77709764,-0.15377812,0.45152575,0.19737889
-1.0861223,-0.45284265,-1.1276081,-0.34658077,0.104442075,0.37572473,0.19896087,-0.124378584
0.37687054,0.61920416,-0.630171,-0.73908126,-0.5205727,-0.06257815,-0.43801597,-0.5482208
-1.1964988,-1.3152207,-1.6142161,1.053765,0.27316698,0.68734425,-0.487784,0.54517996
-0.58348304,-0.48636654,-0.66376156,0.37706184,-1.6500565,-0.47401974,-0.0062884977,-0.25260723
-1.4846674,-0.0086398795,-0.2847502,-0.9293656,0.6579841,0.092056334,1.2055681,0.8416921
0.31606013,1.3655001,-0.5662932,-0.57331204,-0.77903557,-0.11145446,-0.0660359,-0.8133817
0.030296322,0.38327318,0.7291902,0.054581117,-0.66190755,-0.19484591,0.3899065,0.6785218
-0.41843924,-1.0376736,0.48580992,-1.8854544,-0.60546815,0.21279156,-0.8842948,0.7671167
0.32485846,1.1469319,-0.26914352,-0.6210169,-0.5403743,0.30469507,-0.59983253,-0.36656645
0.5264017,-1.4912394,0.21097636,0.43182102,-0.77540857,-0.34043017,-0.025106791,-0.55653006
0.047453642,0.08919985,1.9159603,-1.3895947,0.2522962,0.25334847,-0.21741043,1.4249924
-1.3564073,1.1385486,1.2300919,-0.63678426,1.2576444,-1.1939476,-1.6664926,-1.7885011
-1.083493,-0.11175517,-1.0337064,0.24864702,-0.0871489,-0.35730565,0.8841001,-0.21202897
-1.3401077,0.21746762,-0.9445629,-0.343565,0.18743147,-0.22320056,1.5764657,-0.48356822
-0.39645055,1.079949,-1.0155075,-0.65456516,0.22234523,-0.5798692,1.0012884,-0.9445032
-0.19351867,-0.22866146,1.3218094,-1.5005196,0.13440835,-0.16281356,-0.37869436,1.4514871
-0.38735428,0.9682739,-0.715207,1.017613,-0.8733282,0.8725926,-0.70883507,-0.029657172
-1.3580937,-0.5732678,-1.2619252,-0.5445839,0.36998275,-0.1992564,0.89814985,-0.059408553
0.05777284,0.8728392,0.647891,0.07939987,-0.6606368,-0.1741372,0.32843304,0.48531199
-0.2123377,-0.80720824,-0.5053248,0.786637,-1.0852498,1.3601066,-0.56871265,-1.0963289
0.10658397,-0.5244376,-1.7638888,0.33901262,1.4429247,0.12537006,-1.0925153,0.47678727
0.44439128,0.7471434,0.093796745,1.0514845,-0.5584952,-0.78919494,0.26686385,0.6695582
-0.39967328,-0.37881374,0.6406887,-0.106955,0.6182058,1.1373842,1.5247784,-0.7107784
-0.06213836,1.1240524,0.62237126,0.2859675,-0.92108446,0.0829751,0.710712,0.016854696
0.30505055,0.22990139,0.15875897,0.64867353,-0.18282828,-0.8813957,-0.31800976,0.8518058
-1.0890785,0.18686244,-0.4452456,0.09525332,0.021664336,-0.014513042,0.97671247,0.38499457
1.7025843,0.63480866,-0.49312562,0.59091204,0.30716598,-1.2183474,-0.46211478,0.3723704
0.9318972,-1.0707796,0.14917651,1.8719513,0.077535585,1.238449,-0.78564453,0.020764502
-2.0392509,0.0053121117,1.4656744,0.7185603,1.0789843,-1.6794459,-1.8094596,-0.5634121
-0.28087598,-0.69349694,-0.046312973,-0.54211485,-1.0949287,-0.4056232,-0.31056055,0.042067323
0.13424261,0.72074306,-0.91968197,-0.45995718,-0.81728256,-0.4436374,-0.4623031,-0.65309155
0.15989383,0.8713876,-1.074342,-0.679503,-1.1145289,-0.45438564,-0.13337547,-1.1422704
1.775354,0.38762933,-0.02588319,0.66708624,0.14294317,-0.49885514,0.2530366,-1.0462092
0.06928611,0.1405689,1.0846425,0.55136925,-0.86349356,0.9109145,0.8671902,-0.91750586
-0.6784528,0.5016502,-0.20896547,0.3758105,-1.249157,-0.079075195,0.061050877,0.10509833
-1.0818034,0.63107723,-0.5396088,0.9340538,0.56995726,1.2749698,0.42915905,0.4218961
-0.42133972,0.49201253,-1.9866863,0.29185763,1.399091,0.67408377,0.042811554,0.14997149
0.9610993,-0.6419051,0.046581596,1.1478649,-0.46605262,0.10450905,0.12455337,-0.7441439
-1.270962,0.1190909,-0.43910035,-0.8043177,0.7720725,-0.004315576,1.0196455,0.55598575
-0.8120046,-1.4297886,-0.9472373,1.225169,0.12259052,1.2730834,0.44986844,-0.46956503
0.06948832,1.250336,-0.22541368,-0.63096416,-0.8091232,0.46017438,-0.2797408,-0.2376857
-0.1289396,-0.38695526,0.33844328,1.3122678,-0.9690525,-1.0770243,0.15552595,0.9645107
0.8656385,-0.13868515,-0.8701858,-0.19476663,-0.120976456,-0.98942447,-0.7415874,0.17327069
-0.29579705,0.97519255,-0.6302854,-1.33973,0.8691577,0.46407598,0.6359538,-0.5421935
1.586271,0.36509296,-0.63612926,0.16593763,0.2975795,-2.0270512,-0.41097426,0.37348884
-0.40635318,0.15129885,-1.590633,-0.29654178,1.1133287,-0.71440274,0.65546757,0.07107923
-0.19687133,-0.22292547,0.51486766,-0.35396296,0.93374974,0.25009,1.3739038,-0.46002084
1.0343301,0.45227507,-0.19736905,-0.23299474,-0.081071004,-0.59868497,-0.40628472,0.19786927
0.5056786,0.86578256,0.5323588,0.30512437,-0.21588054,-0.6574144,0.21185192,0.5586985
1.100863,0.1271558,-0.03164847,-0.76647377,0.22747353,-0.5453047,-0.62776136,0.37428898
-0.4345857,-0.11187131,-1.4777473,-0.79705566,1.2346952,-0.6747356,0.43848783,0.19701007
0.5928367,-0.7375536,0.15628864,1.4950467,1.9345299,0.94493425,0.2779855,0.54043835
0.1778243,-0.06797358,1.3206431,-1.414308,0.09899281,0.5704717,-0.65461403,1.4523562
-1.7107527,-1.2716144,2.0457573,1.0920819,1.8357904,-2.017506,-2.1943765,-0.052790336
-1.0388571,-0.17094316,-1.0667909,-1.5731901,1.1380249,0.42463723,0.06726814,0.14415707
0.6694454,-1.088656,0.19632292,1.7812599,-0.18029943,1.08161,-0.36961177,-0.26331016
-1.41808,-0.035004567,2.4588025,0.70410603,2.2366328,-2.387163,-1.8195492,-0.036787845
-1.4138546,0.2606858,-0.20788826,-0.8230094,0.46325168,0.30625215,1.0863951,0.26338878
1.0281459,1.2107403,-0.4957081,-0.25251636,-0.014470416,-0.2994569,-0.39378422,-0.58012515
0.4607761,-0.85185283,1.5577862,-0.61435604,-0.058660187,0.3522111,0.06835631,0.24306962
0.5316481,0.7261339,0.077517055,-1.5915504,-0.19971329,0.18660101,-0.4236992,-0.18925244
0.86144435,-0.571459,-0.35237905,-0.18637036,-0.37478483,-0.050938632,-0.2406335,-1.3688455
0.19592749,-2.740785,-0.18680657,0.20563255,1.1151712,-0.71628416,0.22232698,0.33970115
-1.2021701,-0.91224617,-1.701396,0.77169156,0.96160215,1.0959245,-0.14754562,0.6154914
-0.41920596,1.2607744,-0.56819314,-0.99985385,0.13430841,0.07254702,1.115993,-0.7900025
0.10476591,-0.968502,-0.15309252,-0.4629215,-1.0025787,0.2548392,-0.12847869,-1.2983044
-0.18958364,-0.4399853,0.61486644,0.075803645,0.78250754,0.9110534,1.3255574,-0.4899194
0.27836284,0.07608933,-0.5726369,-0.9812541,-0.63913673,-0.5832531,-0.5422506,-0.14017276
-0.3855855,0.4507938,-0.1890488,0.4378735,-1.1075468,-0.322762,0.22082013,-0.19730511
-3.1423616,0.7901442,2.4172053,0.86349547,1.567625,-1.8872281,-2.617074,-1.6906205
0.12744057,-0.423878,0.868607,-1.1654665,-0.2603866,-0.4011123,-0.74992675,1.232258
0.16729872,0.9347177,-1.2609732,0.21635589,-0.573431,0.9194797,-1.1181936,-0.19060892
0.34070936,0.1866126,-0.74397284,-0.5469855,-0.34676975,0.12349587,-0.96480083,0.06298974
-1.7320017,-0.27380985,-0.89446396,-0.077658586,-0.12045116,-0.14346254,1.3378799,-0.307727
0.53405875,0.62291086,-0.024538547,-0.77924967,-0.26440096,0.05958689,-0.49610484,-0.14821377
0.07401226,-1.1920302,0.8291152,-0.5713404,-0.9363442,0.09826542,0.36368892,-0.5890538
0.92626935,-0.26837063,1.1576174,1.3207414,-0.1668313,0.078406684,0.71220666,-0.3126979
-0.7624344,0.6180559,0.22965677,-0.6092351,-1.2917902,0.056869294,-0.021198979,0.3539753
-0.31418538,-0.055467296,0.26122826,-0.5076978,-1.0504919,0.26681942,-0.18709657,-0.07473563
0.4291588,-0.6777013,0.25051904,-0.038857184,2.2170062,-1.5020978,0.102632895,1.8404853
0.98311096,1.0156435,-1.146869,0.23012455,-0.23209897,-1.1770356,-0.45876005,-0.23792917
-0.4154895,0.230035,-1.91622,0.57201767,0.85458875,1.0141006,-0.43169373,-0.08880989
0.21227433,0.95750266,-0.75173104,-0.7045156,0.85296065,-0.6265585,0.77243906,-0.4233841
-0.0019191792,0.74047405,-1.2802072,-0.07056928,-0.8876447,-0.076719716,-0.5496423,-0.7190981
0.51994735,-0.18394591,-0.11869311,-0.6768182,1.3025678,0.6206058,0.9818924,-1.1694878
-0.3991594,0.46946657,-1.8031133,0.16184053,0.91328317,0.59992737,-0.46467233,-0.084540285
-0.2210127,-0.58149135,1.1691583,-1.5703897,0.32724234,-0.08400798,-0.7381543,1.2057418
0.6127401,-0.43311468,-0.34785667,0.030790485,1.409994,0.08423854,0.54467404,-0.53412426
0.0040755933,-0.47872698,0.23894535,0.33484304,-0.93573934,0.30934128,0.14608179,-0.39937243
0.61066365,-0.3505887,0.7853484,0.3611657,-0.8885001,0.62904423,0.7243683,-1.1250273
-0.14829119,0.0067344937,0.24600753,-0.12619427,-0.9289232,-0.24857976,0.047894612,0.5439643
-0.35799542,0.67648375,-1.1996815,-0.82545125,0.8451736,-0.015786525,0.23308274,-0.42742187
0.4673064,1.0961171,-0.4968551,-0.43666175,-0.4462761,0.0008546184,-0.4407911,-0.30031666
-0.64206344,-1.160786,-0.07171985,-0.9283167,-1.1930776,-0.25847706,-0.50112844,0.31360012
-0.7854255,-0.32994193,-0.068991,0.4782863,0.778519,0.8182857,1.7678065,-0.39353505
-0.15897565,0.0867336,0.052309837,0.5497021,-1.2705033,-0.30440962,0.24416105,0.09745731
1.8223133,-0.34562132,0.2768384,-0.039098933,0.6055409,-0.35644385,-0.23498188,-0.6245775
0.4146398,0.5489423,-1.0161444,-0.5672146,-0.6757979,-0.7922663,-0.54556674,-0.47589552
-0.7382504,1.2098545,0.3013094,-0.010687016,0.34593958,0.5426029,1.3929793,0.06848625
-0.2381539,0.85324854,0.5127166,0.982615,-0.59500086,1.4046345,-0.2051337,0.26075798
0.352944,-0.65656024,0.04254541,1.6468269,-0.08189076,1.2409669,-0.80733067,-0.0681657
-0.9663492,0.6757403,0.29076582,-0.14865968,0.437188,0.59862715,0.9638995,0.5622018
1.6770679,-1.8504846,1.2453421,0.6927084,0.91260475,-0.84812397,-0.14392643,0.6199977
-0.56812555,1.3007541,0.38877472,1.0354396,-0.88263685,1.7064413,-0.0076944516,0.05632388
-0.22292137,-0.9317776,0.7087764,0.4238854,-1.6098841,0.22346576,0.9115873,-1.3117207
-0.16259073,0.63431764,0.77691585,0.17391263,-0.35590476,1.5522094,-0.5662894,0.74155706
-0.11097441,-0.5762265,0.83857334,-1.7781448,-0.033822823,0.021457914,-1.0144719,1.3141425
-0.065909036,1.4595239,0.7601547,-0.12384284,-0.7990514,0.15545645,0.68047297,-0.46851513
0.4955027,-0.34223276,0.101312295,-0.3179915,-0.19442141,-1.3014914,-0.34521833,0.7265545
-0.6247225,0.27928892,-1.3867272,-1.2913399,1.2666862,0.28959417,0.5944147,-0.5406469
0.7055574,-0.23730437,0.79770046,-0.052440867,0.6479203,-1.2969024,-0.3535858,1.5963547
0.12875968,0.54395175,0.259574,0.31321687,-0.47141662,-0.53622466,-0.05483301,0.62414366
-0.035636637,0.97290415,-0.072030745,1.8023143,-0.4406978,1.1392307,-0.5018994,0.7222878
2.1807508,-0.76156795,0.44130105,-1.0468293,1.593647,-1.5038415,-1.5507625,1.4341503
0.2820538,1.0767225,-0.3825574,-0.5319219,-0.63724416,-0.1773409,-0.2036494,-0.32187
0.03412801,0.56590474,1.0072678,-0.6321945,-0.54773927,0.15126997,0.1422461,0.6381
0.035826847,0.6407146,-0.9660628,-0.8011916,-0.6661749,0.10681204,-0.8041324,-0.7609752
-3.3652694,1.1722046,2.4588416,1.0064332,1.1045539,-1.9099042,-2.170115,-2.2524366
0.85151094,0.5536138,0.61725837,1.0175035,-0.08720584,-0.98996556,0.362518,1.0063177
0.6746908,-0.619481,0.066611595,-1.1287643,-0.43432534,0.5054826,-0.33478966,-1.4997747
0.052230336,0.4718837,-0.76555717,-0.5831347,-0.31367907,1.5907165,-1.5008953,-0.07045632
0.35102847,1.2734221,-0.36786863,-0.8096914,-0.5842382,0.1646201,-0.15302566,-0.5796964
0.45549127,0.5104238,0.6292241,0.9213292,-0.30697075,-0.45639232,0.12676096,0.76355565
0.5181825,-1.0518079,0.6933595,0.16302751,-0.51923686,0.53855693,0.12516557,-0.7159161
1.1725882,0.40072834,-0.021294974,-0.093433924,-0.30141357,0.44252232,0.113793485,-1.1654
-0.7766476,-0.17304511,-0.61013985,0.5796265,1.2752956,-0.12968765,1.1350398,1.0261208
-0.031578332,0.06833023,-1.323484,-0.685874,0.91161025,-0.34765437,-0.11197188,-0.049671944
-0.15741582,-0.09326214,1.1210617,-0.7543465,0.22081436,1.9900721,-1.3015256,1.4245489
0.22341794,-0.47765997,-0.057527363,-0.1255413,-0.44980437,-0.98662233,-0.33232474,0.52912813
0.5494182,0.33483386,-0.8105664,-0.0028498431,0.1944936,0.67202395,-1.5149729,0.38826334
-0.8129852,0.4701872,-1.2146609,1.1328278,1.3429312,0.8398753,0.5435058,0.9326521
-3.4247,1.58393,2.258787,1.6060811,1.0705557,-1.4573491,-2.1609263,-2.0166626
0.7205468,0.15669923,0.29632774,0.8335835,-0.43279016,-0.084965564,0.7472326,-0.7118874
-0.52082413,-0.61453205,0.34498215,0.39448175,-1.7295096,-0.16254865,0.8565633,-0.87864196
-0.03042179,-0.7587032,0.30199814,0.338596,1.8492343,-0.73223317,0.19554096,2.0922086
0.16640587,-0.202507,-0.48609027,-1.3658955,-0.59368753,-0.3580786,-0.96053857,-0.032598224
-0.13982381,0.57626295,-0.86931056,-0.67659277,-0.9386181,-0.23462163,-0.63539463,-0.5836611
-1.0214145,-0.8473076,-1.7369068,1.1789321,0.4431173,0.5893704,-0.33414796,0.47187
0.36208358,0.41901222,-0.94010735,-0.2864787,-0.8113485,-0.5385229,-0.45286536,-0.56475973
0.11577782,0.31927425,-0.25358766,1.4123224,1.1000799,-0.8986123,0.90368456,1.1401758
-0.8546192,-0.28693506,-0.51751673,-0.14041114,0.14795497,-0.19229071,0.9924277,-0.031846184
0.32055163,-0.6003324,0.7067823,-0.023057645,-0.8595397,0.45876917,0.2715768,-0.70456
-1.114898,-0.36528888,-0.016675252,-1.1391715,1.3638587,0.7060774,0.52799654,1.1305847
-1.3500552,-0.98983693,-0.7197105,-0.85628575,0.5057595,-0.007791459,0.66784835,0.4924603
-0.46995765,0.3616774,0.04551937,-0.18557827,-1.1017866,-0.29005665,0.031131122,0.49685487
0.7797058,-1.1181911,0.858374,-0.004792714,0.48338822,1.7090219,-1.0804754,0.48409534
-1.8295354,-0.99292743,-1.001288,-0.6448599,0.31430176,0.63310516,0.71927136,0.109190255
-2.3888247,-0.08226684,0.625025,0.6351515,0.021469258,-1.6452297,-1.5118445,-1.9604387
-0.31600615,0.88188636,0.6257351,1.0612053,-0.5742509,1.5653644,-0.29389125,0.79009205
-0.30211526,1.01107,0.5403962,0.9399308,-0.5080263,1.9856898,-0.5861062,0.62180024
0.53977877,-0.2058713,-0.20104219,-0.47570857,-0.67333174,0.2986483,-0.2493549,-1.2460331
-1.9162518,1.6048974,1.187813,1.601712,1.1257548,0.18594345,-1.8208841,-1.220371
-0.8460123,0.72817385,-0.78265387,0.072168544,0.34342423,0.04370888,0.77245206,0.20842981
1.2073394,0.3940685,0.25556818,1.9722842,0.6367317,0.028153257,-0.5610937,1.4035329
1.0077609,-0.54223955,0.10306147,1.050712,-0.28991058,0.40974247,0.24414901,-0.7525237
0.23970032,-0.4613443,0.49434775,0.21513204,-1.2426007,-0.03343055,0.7706371,-1.1834706
-1.0608532,0.6416133,-0.6972468,-0.15861663,0.7349209,-0.20186076,1.6192782,0.23366626
-0.41955996,0.87788546,0.2519705,-0.056064293,-0.9502815,-0.08290771,0.051490538,0.40615892
0.6354674,0.5779119,0.8981979,0.86742467,-0.5501364,0.5138204,0.84430045,-0.83097
0.23833804,-0.41753706,0.4121309,0.88412243,1.0116025,0.026999509,1.4164164,-0.30945128
-1.2929265,0.63496935,-0.5322536,0.024803476,0.5647165,0.49004236,1.3817126,0.015678264
-0.008183168,0.8500904,1.2637478,-0.1747716,-0.6736002,0.13441896,0.28978598,0.72568214
-0.21803936,1.1084273,0.42521673,0.36300275,-0.81455445,0.35353848,0.118228786,0.39987978
-1.3849543,-0.52021,-0.7347751,-0.31818482,-0.33032078,0.52185977,0.65986264,-0.6520335
-1.2634301,-0.49962786,0.055098906,-1.2627108,1.053541,0.49517134,0.68564045,1.1079077
0.7298876,0.4191674,0.32775766,0.50147694,0.05595773,-0.96924394,-0.14958528,0.99959654
-0.5250228,-0.52926105,0.44531998,-0.12788577,0.237033,0.7891536,1.3391005,-0.85383904
1.2329564,-0.3292311,0.34505314,-1.2801015,0.85613585,-0.076932445,-1.3320305,1.1051857
0.63624036,-0.17675397,1.5172544,-0.103346705,-0.31037912,0.36451662,0.550456,-0.27113086
-0.88991666,0.25562653,-1.0769773,1.2303486,1.2876128,0.76744246,0.52138126,1.0190649
0.18802606,-1.1283585,-0.9740947,-0.35678294,0.75843054,-0.21694024,0.38951218,-0.87447476
1.4407274,-2.1200767,1.0447407,0.4551016,0.92100626,-1.188418,-0.4299075,0.6254966
-2.037789,0.77204746,2.2071843,0.32753477,0.7961919,-1.2514329,-1.1661906,-0.93146384
-3.4548678,0.27882215,1.7245042,0.82137233,0.74430555,-2.3245664,-2.1908982,-2.7259367
0.42571616,1.5600152,-0.52032614,0.22016875,-0.17993689,2.050471,-0.82882166,-0.5642601
-0.69090354,-0.73560816,-0.20399265,0.33961308,-1.6410565,-0.13149701,0.019532228,-0.21746296
0.31559053,1.075788,0.3631826,0.5731467,-0.39255568,-0.43787646,0.0828286,0.43159804
-0.5787289,0.26708668,-1.3434618,-0.77627957,0.38672522,-0.17512783,0.38984767,-0.37373507
0.30573404,-0.54350275,1.135017,-0.61964166,-0.79768395,1.0917963,0.4126068,-1.3038282
-0.38136515,-0.05234106,0.048471738,0.02515894,-0.58282375,1.6028041,-0.82968736,-0.0008720921
-0.31840065,0.9125494,-1.2756971,-0.98663026,0.3879462,-0.22573984,0.65133977,-1.2453353
0.20273305,1.5110216,-0.9897071,-0.27871886,-0.85622674,0.392375,-0.22017153,-0.76529974
0.7041175,0.57327557,0.5247621,1.4101857,-0.25650653,-0.44108114,0.17579389,1.0867656
-0.061259814,1.2643995,-0.42647603,-0.7299513,0.61678505,0.623226,0.7178431,-0.35190293
0.16974534,1.3413242,0.62577385,0.37346107,-0.45707405,0.42275202,0.358244,0.07114074
0.24015598,0.33344668,0.4097894,-0.22916894,-0.6263147,0.16863365,0.117663436,-0.21546334
-0.711793,-0.2552436,-0.7077721,0.058108855,-1.5024823,0.17320761,-0.4831866,-0.1520489
-0.3743508,0.7685721,-0.10303893,0.31152958,-0.5886755,1.4905139,-0.963794,0.24325924
0.35189444,1.2890326,-0.5217428,-0.35543478,-0.6241096,0.39542717,-0.33197114,-0.51368284
-0.5723517,0.0765688,0.24678142,0.23145585,-1.4128625,0.1346115,0.43546897,-0.28620037
-0.5014766,-0.035939194,-1.2005581,-1.0210432,0.61959356,0.13501626,0.073143125,-0.13585845
0.14134711,1.0104501,-0.65853196,-0.83338195,-0.7696066,-0.40948233,-0.3660375,-0.40956116
-0.08711638,-0.8149547,0.28870383,-1.1444236,-0.54810685,-0.51094484,-0.5864215,0.54806626
-0.14325838,1.0117723,0.045421872,0.09907512,0.7209151,-0.119663976,1.0660193,0.041182335
0.15121931,0.6387659,0.26011837,1.4249032,-0.14185315,1.4174601,-0.690267,0.8779507
0.63492966,-0.036822554,0.47550055,0.19837251,0.019054418,-0.9739686,-0.21533597,1.0456829
-1.0809681,0.246142,0.2729233,-0.13186306,-1.4640152,0.48481485,-0.2282187,0.5149458
-0.73800826,-0.7664109,-0.14183508,0.26986635,0.8126349,0.14203376,1.6108183,-0.25322336
0.23596545,0.7337064,-0.9746036,-0.7154365,-0.5162849,-0.085211076,-0.7568027,-0.42894247
0.5869027,0.029905168,0.6089892,0.0028211,-0.010031791,-1.3772869,-0.0772254,1.4250417
0.25515956,0.41912422,0.6912142,0.61618215,-0.40200952,1.8961117,-0.1916386,-0.6585693
-1.7001632,0.7054958,-0.28835133,0.09412755,0.12899862,0.7400618,1.8171167,-0.29652047
-1.5143654,-0.79256827,-0.6388692,-1.0644518,0.40356752,0.32567924,0.9005012,0.22126539
0.37266168,-0.4727517,-0.9478287,-0.041200563,0.8319073,-0.34425324,0.8229927,-1.1306518
1.240997,0.087478235,-1.0835414,0.76486236,0.00798198,-1.7460285,-0.7682416,0.21988116
0.66408825,0.21955048,-1.3058257,0.61381245,-0.1681435,0.2578546,-1.4599391,0.011085662
-0.30307928,1.2242793,-1.2285535,-0.89838445,0.39257056,-0.18646349,0.88905823,-1.3764015
0.30970845,1.4775463,-0.6263754,-0.5660391,-0.5651942,0.18485638,-0.15851082,-1.018142
0.105874985,-0.03942715,0.06964821,0.73257303,-0.8189294,-0.98182917,0.22090037,0.6631198
-0.3365048,-1.2657553,0.08235254,-0.52808934,-1.2352636,0.5405338,-0.21542834,-1.0625288
0.052868284,0.017735401,0.0776801,0.2810112,-0.5186781,-0.941656,0.0126744555,0.52711254
0.08076455,0.43618187,0.14464693,0.40274075,1.122102,-0.72754484,1.2913876,0.7283394
0.82813543,0.87966114,-0.08968539,-0.5812727,-0.2568401,-0.11144748,-0.09449996,-0.06691259
0.11467487,0.48021826,0.33152103,-0.13711101,1.3188819,-0.3804591,0.7630669,0.75848925
0.9632749,0.06525084,1.0771452,0.5469837,-0.25242803,-0.20632997,0.69482434,-0.34107307
-0.42849094,0.22782472,0.407376,0.11739519,0.120207734,0.47550985,1.8866183,-0.959183
-1.0427535,0.28076538,-0.60553324,-0.2360369,0.19026755,0.22642855,0.8053047,0.3433255
0.6935462,-0.028800666,1.5258796,0.04798882,0.6953073,-0.43510708,-0.25247613,1.8101735
0.009282727,1.1668544,-0.817147,-0.61234146,-0.15469174,1.2431681,-1.2499707,-0.40215
-0.10765951,-1.8110876,-0.1426757,-0.16502416,0.9596308,-1.3216776,-0.6828894,1.2870921
-0.66863,-0.718659,-1.02153,-0.058858894,0.32100397,-0.9428936,0.6253074,0.27032518
0.24162523,-0.12752399,-0.68770677,-0.67275566,0.8985794,-0.27036685,0.9767103,-1.0691597
-0.5787042,-0.62890965,-0.3630097,0.037839968,0.49328014,-0.42442715,0.64920163,0.7167738
-0.0029832171,0.29634783,-0.9110661,-0.17841743,1.1744795,-0.1934503,0.10071104,0.25068343
0.17739837,-0.6034339,0.18713562,-1.5286018,1.2539368,1.1610612,0.41451615,-0.6484543
0.8556291,-1.6542052,-0.16799118,0.786332,-0.22161362,-0.22680292,-0.5976589,-0.19834124
-0.69639856,-1.5422709,-0.38277075,0.12984207,0.24772066,-0.3624323,1.103179,-0.6055382
0.7306324,0.27034643,-0.9852727,0.5905538,-0.22395197,1.331379,-0.87025386,-1.5041687
0.9227156,-0.753531,0.34509996,-0.7321824,1.4314904,-0.49061152,0.31569663,-0.42935666
0.18665805,1.4267321,-0.6425374,-0.54685104,-0.2836716,1.4690247,-0.95379883,-0.65460384
0.4463188,1.1753206,-0.3132555,-0.27406505,-0.5594784,0.3151754,-0.23804076,-0.42132968
-0.6312557,-0.6095779,-0.26716492,-0.08624466,-1.5523921,-0.22135913,-0.10532607,-0.07050282
-0.5030077,-1.4973451,0.32113546,-0.9834409,-0.20346354,1.2723532,-2.0498488,1.4150935
0.39316908,-0.30875856,0.8374411,0.18410878,-0.46800348,0.005438693,0.54942995,-0.32052466
1.0771171,-2.4807656,0.46546963,0.22659056,0.3275243,-0.5588806,-0.72310734,0.61996555
-0.5240469,0.7455848,0.42549697,-0.28221166,-0.9488362,-0.089585826,0.32364488,0.07456095
0.6848297,-0.2562444,0.9114716,1.0645654,-0.24977773,-0.092307605,0.5940692,-0.35006997
-0.11019213,0.7232524,-0.721497,-0.5541045,0.86965597,0.25422743,0.44259915,0.106991604
0.23757361,1.4514753,0.45289186,-0.25735408,-0.5823839,0.15681197,0.49571067,-0.27108306
0.45073998,0.0083585335,0.91911197,0.0938672,0.16772753,-0.0040838397,-0.40151495,1.4647535
0.002050161,-0.014653644,0.63343954,0.6632919,-1.1010911,0.6104917,0.42116418,-0.50842124
-0.1271308,-1.0344951,-0.09199078,-0.38072306,-0.7298431,-0.6448826,-0.50502807,0.59441537
-0.38629216,-0.7700212,-0.4561025,0.25198925,-1.336008,-0.5047569,0.032973494,-0.045155093
-0.30406877,0.22854729,-0.79979473,0.76884323,-0.74173373,1.4193597,-1.0388021,-0.25881293
0.568485,0.26984766,1.4425458,0.41761178,-0.38092998,0.3271862,0.9563625,-0.4585147
0.73473364,0.6760275,-0.2008045,-0.23264252,-0.7597611,0.35741884,0.28479767,-1.5940369
0.12059412,0.011500378,0.92486596,-0.6522767,-0.19238645,-0.6758489,-0.2166963,1.1338149
0.4291846,-1.3166215,-0.53623325,0.2754764,-0.71363026,-1.1671611,-0.5502361,0.5384633
0.027297013,0.021273876,1.0510154,0.11504267,-0.5059084,-0.45427436,0.4334386,1.0702591
0.103669785,1.1396356,-0.9402571,-0.59137434,-0.9436738,0.057999365,-0.16401246,-0.9349693
1.0056099,0.20287603,-0.37308407,-0.15695457,-0.2870801,0.3179422,0.07275459,-1.7904148
-0.048465718,0.49920678,0.0021367795,0.25371668,-0.89445674,-0.7995225,0.07377413,0.45825383
0.15430439,1.2692033,0.6779956,0.65650904,-0.7819409,0.21395797,0.7362254,-0.06468436
0.7118181,0.54598266,0.20721586,-1.168665,-0.167748,-0.07100802,-0.5681839,-0.048049483
1.2376198,0.03452328,0.17048047,-0.62605,0.541004,-0.5706185,-0.84743875,0.7138403
0.25108835,0.135408,-0.53512925,-1.2185625,-0.5952638,-0.33251676,-0.5488193,-0.41713515
1.0329258,0.19498044,0.834749,0.7903014,0.39079815,-0.9125333,-0.008123697,1.3615822
0.08593377,0.9399672,0.662181,0.4075153,-0.52499187,0.37151673,0.32518896,0.46697137
-0.41250288,0.010882931,-0.67666984,0.83550596,-1.0370101,0.92831314,-0.6909172,0.004328734
-0.9628675,-0.2274371,0.64254075,-1.9587687,1.2011551,0.20459825,0.46894088,1.0687429
-0.07407588,1.0910174,0.86903006,-0.3938055,-0.64293927,0.780432,0.11505122,0.09012561
1.1494547,0.20231552,0.7543304,-1.5764953,0.39601782,-0.16181014,-0.72173524,0.7530575
-0.11418045,0.553768,0.5769832,-0.8160024,-0.5935873,0.5787827,-0.2611399,0.17078881
0.57072705,-1.401905,0.75642395,0.41136146,-0.31950146,-0.3464014,0.0124480855,-0.026783884
1.4583632,-2.0044615,0.6530995,1.2522825,0.8833849,0.47260413,-1.0526544,0.96189195
-0.5059334,0.4544506,-0.34875607,-1.682434,0.79052573,0.34740794,0.36252126,-0.07902394
-0.021003485,-0.85899353,-1.0806888,-0.9103533,0.8193343,0.6278904,0.3143053,-1.6543018
0.6926108,-0.5855734,0.3832975,0.24260557,2.549306,-1.0823781,0.12189047,1.8156595
-0.24652553,-0.87736404,-0.6091996,0.8286145,1.1673957,-0.81697214,0.07288316,1.5253524
0.45941302,-0.64056647,0.39317036,0.76586515,1.1869309,-0.5782026,1.4168116,0.32537025
1.8314219,0.7268789,-0.73858136,1.3927258,0.65610594,-1.3409659,-0.51492697,0.22598265
1.5483997,-1.0534701,-0.053257905,0.014585348,0.32738635,-0.6015373,-0.54664004,-0.34093428
0.4186546,0.434269,-0.18098646,-0.14675696,0.6995128,0.73852676,0.99076796,-1.4893359
-0.2959295,-0.15716924,1.3732408,-1.0385311,0.87274736,-0.088944115,0.47021863,1.4212761
0.99602425,-0.73942995,-0.362716,0.0021031753,-0.33456835,-0.47512972,-0.24737501,-1.1037592
-1.1169441,-0.8023382,-1.143055,-0.07781634,0.62475944,-0.63552606,0.90921843,0.48897445
-0.5703491,0.23834413,0.98661536,-0.67042315,0.71734464,-0.20966567,0.45032826,1.2570267
-1.8083694,0.66679496,0.20751742,0.33592495,0.7844324,-1.3916713,-2.0485163,-1.9218392
0.36613294,-1.116516,0.21342564,0.43476686,1.8241853,-0.55187756,1.1961672,0.46716458
-0.54962075,-0.03575922,-0.035191655,-0.8374225,-1.049528,0.35065463,-0.26548973,-0.36008123
0.5184263,0.54358226,1.0648388,0.11942427,-0.4594546,0.7487506,0.76266074,-0.9976063
-1.0197331,1.126301,0.21157986,-0.26576576,0.13543884,0.9652765,1.2073308,-0.051317368
-1.3150376,0.80029315,-0.7740846,0.35474068,0.08395997,1.411412,0.4589519,-0.2462633
0.08168776,0.17133112,0.49060428,0.36968693,-0.87688136,0.48728025,0.43533763,-0.535431
0.19933188,-0.9790033,1.1558158,-1.3729165,0.01789305,-0.51975703,-0.68236613,1.6912483
0.3527893,0.52588904,-0.66516703,-0.9084738,-0.40609914,-0.2736244,-0.58263946,-0.17664921
-0.8894512,0.014644736,-0.6659032,0.45976555,0.99712074,-0.44742826,1.1637838,0.7587122
0.13379021,-1.0914499,-0.09515179,0.53393865,-1.2901535,-0.042633966,0.46484378,-1.284449
-0.5051992,-2.0221066,0.5908489,-1.9175097,-0.48875272,0.07790762,-1.3647734,1.1208718
-0.4910365,0.06360733,0.5035178,-0.7066293,0.8764194,-0.12160379,0.9285224,0.9963509
0.23483767,-0.6058009,0.5883476,0.26299134,-0.5080459,0.6577573,-0.048272528,-0.3099952
1.2432569,0.03182937,-0.67815036,-0.20945479,-0.003080947,-1.2572554,-0.636746,0.44561043
1.1079851,-1.5787073,0.5907247,-1.3103553,0.8987786,-0.41452274,-1.1326201,-0.031130342
-1.3095436,-1.3227609,-0.71147573,-1.1900091,-0.053843208,0.17131944,0.35628107,0.11795515
0.068025224,0.41125607,-0.80595917,-0.68855596,0.976866,0.43087164,1.6647604,-1.7609981
0.66362995,1.4906904,-0.16177465,-0.53379107,-0.64697856,0.12878081,0.32775748,-1.0882939
-0.010704685,-0.6015247,-0.10216635,1.3231127,-0.28053078,0.9798976,-1.1361443,1.1206533
-0.22048716,0.30902344,0.9487958,-0.14442143,-0.62492806,0.024219446,0.16720791,0.5763867
1.4486836,-0.21434285,-0.03370329,-0.06847923,0.21148163,-0.7382731,0.07592011,-0.8191249
-0.3704181,0.51657677,0.13374586,0.8265307,-1.1505867,-0.22478954,0.31887734,0.064907275
-0.34303614,0.4706675,0.2936306,0.09224275,-0.71953195,0.08354476,0.025069373,0.570688
0.122509524,0.9843327,-0.12390071,0.29486072,-0.55538595,-1.0482435,0.15376158,0.36864218
0.7798487,0.31505477,0.68827367,0.9288338,0.15634157,-0.42237455,-0.02917162,1.1103362
0.2988737,-0.108109236,0.15563859,0.7761198,0.08104015,0.33200642,-0.8800133,1.0363766
0.11753917,-0.24638683,1.0503924,0.9961612,-0.8458529,0.8468867,0.809264,-0.5835351
0.5592255,-0.3852294,1.76375,-0.204227,0.026774336,0.79419947,0.1872956,0.20553738
0.61435026,0.583928,-1.0395759,-0.31831688,-0.4197192,-0.94357884,-0.5692043,-0.31648967
-1.8448874,0.2129966,1.5813581,0.33849633,1.3591391,-1.6214296,-2.0280428,-0.62612456
-0.08322849,-0.3257169,0.22085872,-0.5017383,-0.7593982,-0.08471275,-0.1048464,0.1642353
0.05872102,0.73546165,-1.5289834,0.27625072,1.5134726,0.53932434,-0.19899423,0.31442985
1.4341805,-0.31267262,-0.95203817,1.0318829,0.4414595,1.0047194,-1.0502238,-0.83389074
-0.11860668,0.19918607,0.100785196,0.47021562,-1.1492996,0.17364138,0.16362622,-0.45694286
1.332061,0.057883315,0.4791575,0.04534664,0.06786014,0.5470368,0.087409005,-0.953359
-1.3627667,-0.66972214,-0.1925983,-0.45270562,-0.18100299,0.3614065,1.1360519,0.09037962
0.27058044,1.1691463,0.11349042,0.8953841,-0.6025431,-0.9394149,0.6168625,0.076035574
-0.6245003,0.054000817,-0.65797377,0.6985485,-1.2282486,1.317893,-0.7188417,-0.531275
0.17194317,0.89987427,-1.1836331,0.09939208,-0.44671875,1.2459162,-1.3061209,-0.54162234
0.5898917,-0.6825553,0.502574,0.59518206,0.600605,-1.2531494,-0.8784209,1.4700438
-0.0429435,-0.8435727,0.31928107,0.3238054,-1.2905239,0.5672694,0.49602702,-1.5594556
0.0052154744,-0.30087993,-0.5363692,-1.3253798,0.85646755,0.6331106,0.6907707,-1.3017058
-0.24356848,-0.17611769,0.51134974,0.36257493,0.6113754,0.7038183,1.5002879,-0.6344
-0.18252027,-0.19088909,1.1203227,0.37687516,-0.9618771,0.63592845,0.6735739,-0.6124047
0.6902818,-1.1306263,0.19177228,-0.5099913,0.8208402,1.3147111,-1.723397,0.047224917
0.43887228,-0.64537007,0.36731017,0.99087405,1.2046247,-0.45345253,1.2206893,0.15522596
0.66531116,-0.001357339,0.17142801,-1.2581575,0.24229304,0.36515918,-1.0990777,0.36367768
-1.0707618,-0.9485549,-1.0883048,0.28729606,0.64456767,-0.4407171,1.0763997,0.58711815
-0.057960343,0.15552889,-0.40993118,1.1422226,-0.7253359,1.2814037,-0.7774203,0.33279085
-0.2729942,-0.9749141,-0.2954753,0.74098873,-1.0976812,-0.56229585,-0.26812652,0.6655327
-0.32523182,-0.5145913,0.50869614,-0.23528534,1.6041515,-0.7806838,0.4165163,1.5063462
-1.0395682,0.089640446,-1.1952235,-1.5193138,1.0455674,0.30179518,0.47809857,-0.2343352
0.6663176,-0.62314606,1.8169932,-0.4288104,-0.008981761,0.5438144,0.34356996,0.14243157
1.122311,-1.9309453,1.0836296,0.34515494,0.046292216,-0.45272714,0.1376532,-0.08266358
1.2031765,-0.74092203,-0.13060285,-1.0140746,0.554527,-1.1530049,-1.0338241,0.90317357
0.32846212,1.2315131,-0.85290045,-0.6524827,-0.827747,-0.91806537,0.296675,-0.80268735
0.92582947,-0.09792259,0.52454555,-0.67457414,-0.21089493,0.45927823,-0.21740484,-0.9525702
1.5320575,-0.17647877,-0.036023688,0.921662,0.5735069,0.9836231,-0.86628366,-0.3861342
-0.21034607,0.2723418,0.8402063,0.34267512,0.255908,0.4711602,2.1528432,-0.8927036
0.1163363,1.63794,0.5088007,0.666258,-0.6962246,0.46221995,0.3354677,0.3060882
-0.80046636,-1.3687636,-0.49832442,-0.17923865,0.376778,0.04122974,1.6475389,-0.85888004
-0.5558278,-0.28632456,0.07054562,-0.65130526,1.1440551,-0.34745073,0.41223466,1.1298652
1.0992534,0.2041179,0.6441639,-0.55557984,-0.256696,0.163549,0.424556,-1.1349926
0.32999304,-0.75409174,0.3877788,0.8273273,-0.9026451,0.10134276,0.56902635,-0.84041786
0.24472797,0.2403086,-0.55611706,-0.81771237,-0.50254446,0.47835585,-0.74611956,-0.45806652
0.0061336155,0.35512567,0.318587,0.50654685,-0.6986665,-0.38969865,0.024596548,0.5558187
-3.171029,1.1211317,2.1290872,1.3588345,1.4207071,-2.6188154,-2.1323884,-2.170182
0.3038892,-0.37045965,0.5014003,0.31709132,-0.93408436,0.3798182,0.5396323,-1.2639474
0.56916374,0.29480356,-0.4333045,-0.3854304,-0.79470843,-0.04950588,0.3450076,-2.0843375
-0.59297377,0.559946,-1.4488864,-0.98666215,1.2326773,0.2648434,0.8379977,-0.290247
-0.18773898,0.8796574,0.91734725,-0.40370777,-0.8394874,0.1332343,0.70401657,0.090887636
0.29696944,-0.036379244,0.5988866,0.42116052,-0.93733793,0.16151582,0.8612248,-1.2271293
-0.52570754,-1.0855005,-0.19450745,-0.45893362,-1.3085274,-0.21875809,-0.32412317,0.036652945
0.068900704,1.1532637,0.35798866,0.43265906,-0.80313903,-0.26080263,0.5278345,0.10650745
-0.60240424,0.9466305,-0.1671089,0.8873807,0.8841324,1.335885,0.53755593,0.78368914
-1.5514754,1.4358332,0.4742465,0.4181452,0.95245624,-1.4440649,-1.6471173,-1.7081329
0.09675836,0.51455116,0.0154760685,0.75066483,0.9844474,-0.40205738,1.3072606,0.6648718
1.5107566,-1.3377827,0.11625036,-0.79108095,0.48246905,-0.10015687,-1.0327904,0.01767057
1.8293145,-0.67836446,-0.2733341,0.704352,2.3205693,-1.000071,0.5696591,-0.2601317
-0.7498996,-0.18526831,-1.4772922,-1.1438802,1.2332612,-0.26985052,0.36414027,-0.059292138
-0.32153973,0.27013,0.21437804,-0.040763505,-0.956831,-0.4706464,0.17231709,0.22835639
0.06789895,0.46331075,-1.2860754,0.13051361,-0.5312233,1.0765821,-1.460056,-0.58424085
0.1345179,1.5393676,0.74954945,-0.35974628,-0.87080324,0.20182775,0.8380608,-0.4085017
-0.20059004,0.45744118,-0.3873421,1.4161975,-0.6678125,0.77067083,-0.6974147,0.580039
-1.1507019,0.1746692,-0.69048333,0.3628052,0.8900284,0.078818314,1.1805725,0.7171943
0.14277732,-0.47010908,0.8942889,-0.30002928,-0.881706,0.60229325,0.4405397,-0.37433997
0.38832527,-0.4452724,0.2429069,0.20252688,-0.27938735,-0.32629997,-0.48657256,0.4861959
1.4508213,-0.69520366,-0.67870355,0.9600885,0.45177877,0.30813754,-1.0886369,-0.5478912
0.3631699,0.09906759,0.7314367,0.17546912,-0.7700277,-0.06832497,0.8155161,-1.0127807
-0.544602,0.38558918,-0.98315084,-1.5482577,1.2264582,0.39953625,0.6885972,-0.18428528
-0.85901904,-0.84177953,0.3815513,0.014003476,-0.4607847,0.40394482,1.8688521,-1.2476337
-0.072417274,-1.2134004,0.9215307,-1.6346344,0.26794362,-0.5243093,-0.9338436,1.2038509
0.14413244,0.43605348,0.040132705,0.751519,-0.8961943,-0.62368625,0.3990932,0.25056708
0.216431,1.416543,-1.0051613,0.5464487,-0.46075282,1.4991376,-0.9299023,-0.45782486
-0.52467877,0.40676215,0.135162,-0.15237956,-0.9566869,0.5515594,-0.3410374,0.42825732
0.77164465,0.61203396,0.7092427,0.92576194,-0.12855367,-0.7985184,0.3085219,1.04267
0.56735414,1.3982966,-0.06122308,-0.20304249,-0.6239334,-0.0695784,0.30893677,-0.61932
0.63184816,1.1358161,-0.22777312,-0.8025441,-0.5462062,-0.24362196,-0.105444066,-0.45004168
0.12711348,-1.6892543,0.2244528,-0.7147591,0.12529548,-0.37405524,-1.1214275,1.2202022
0.26456636,1.3003104,0.4927346,0.6962014,-0.74560744,0.38163698,0.5031484,0.31485632
0.5053926,0.7419152,1.0483081,0.1791526,-0.83726174,0.4817349,1.3190984,-1.1720876
0.27365083,-0.5551028,-0.10068664,0.906355,2.6012075,0.18385147,-0.9000318,2.357001
0.85605365,0.25077116,0.04046267,-0.71837693,-0.5089962,0.26650757,0.19417186,-1.4434898
-3.238559,1.2105056,2.1953902,1.3996677,1.2025967,-2.2166357,-2.0034025,-2.2143345
0.110728376,-0.31531435,0.6196713,-0.23639627,-0.872938,1.1346058,0.31205943,-1.0570581
-1.5036868,-0.9339585,-0.37775633,0.003811406,-0.12313002,0.7301211,0.60902554,0.23527111
-1.2588665,-1.2408862,0.5383653,-0.3174644,-0.007765454,0.6724298,1.4019908,-0.55614936
0.2825211,-1.2782972,1.2525518,-0.1750385,0.7050331,1.5991045,-1.0563012,0.7301178
-0.4799353,-0.045874435,0.2977036,0.744161,-1.3756359,-0.5617392,0.39369708,0.1943489
0.14306653,-0.1987137,1.8887082,-1.5941157,-0.058728807,0.02930353,-0.16439281,1.4681482
-0.9081078,-0.2658054,0.26523685,0.46283895,0.47702175,0.053474117,1.0255029,0.92106116
-0.20412254,1.4826112,0.8269824,0.2744332,-1.0603826,0.5159825,1.0419837,-0.08773467
-0.29545397,-0.77905434,0.11294418,0.50174594,0.4088882,0.17909482,1.5014148,-0.28157073
0.21291126,0.077706695,0.07063047,0.61097246,-0.83200747,-0.47963268,0.20461854,-0.14672123
0.20499119,-0.429776,0.15756202,1.3786968,-0.9707822,-0.8589393,0.34636065,0.46751565
1.4846877,0.2571081,-1.7937466,2.0599253,0.71856844,-0.35504118,-1.7818724,0.7582543
-0.8534778,0.71986514,-1.5718995,-0.46203378,0.55342954,0.15724957,0.9366988,-0.7627144
-0.14014703,-0.3126481,0.07470508,-0.52262473,-0.79627645,-1.0221534,-0.08101311,0.3305406
-2.1619017,-0.5986522,1.6906934,0.27102432,0.738505,-1.0290767,-1.3913194,-1.7856803
-1.0410013,-0.88403296,-1.2501974,0.27537516,0.81663805,-0.242689,0.6841701,0.7295108
0.23478581,0.14266649,0.17582668,1.1915894,-0.3060414,1.4251131,0.053277034,-0.7763619
1.3846651,0.10622174,0.18822736,0.019587142,-0.016160306,-0.042476706,0.048186176,-0.9696629
0.340835,-0.3051761,-0.4314199,0.81520325,-0.016076008,0.15783957,-1.2103965,0.7484168
0.3467489,0.23747374,-0.49975133,1.2376927,-0.69113183,-1.2484802,0.015117383,0.45960444
-1.0028737,-0.5374231,-0.6560277,-0.9395138,0.22933352,-0.3414037,0.72055376,-0.03342839
-0.2091752,0.69653577,-0.8427421,-0.6380152,0.6329469,-0.07317037,0.8506003,-0.36856994
-0.010099441,0.58573884,-0.6173048,1.8460331,-0.57514775,0.35270834,-0.68413293,0.8829923
0.31542745,-1.2277671,1.159984,-1.5491698,-0.047845364,0.9344298,-0.3606736,-0.21142255
-0.22214715,-0.974177,0.048692763,0.122248285,1.1781148,-0.28874865,1.6066749,0.25885448
0.23387928,0.65421695,0.26275575,1.3635284,-0.6608153,-0.49541596,0.33334437,0.47008345
0.6401096,-1.3688391,1.475628,-0.39674383,-0.038354117,0.7943222,-0.31376433,0.24330044
0.35023448,0.8085694,0.4178632,0.77238065,-0.6070362,-0.5826346,0.35879365,0.5850858
0.57477254,0.35866618,-1.1692003,0.47695482,-0.32824066,1.7398233,-0.77849597,-1.6606498
-0.52126753,0.046224598,0.11494878,0.4933187,-1.5150046,0.04060195,0.4884529,0.111376435
0.7691548,-0.08541465,1.517267,-1.0739412,0.50618535,-0.3971525,-0.5309374,1.8699619
-0.22583969,0.24588242,0.25486672,-0.28318003,-0.8207166,-0.43850443,-0.06973171,0.30607298
0.79116976,0.14592023,-0.97531754,0.13443947,-0.16506608,-0.38299137,-0.89757013,0.07155332
-0.017068569,0.3711562,-0.57634616,-1.1563734,1.2041172,0.37494168,0.020732341,0.030032707
0.69253486,-0.13408831,1.7247571,-1.091411,0.2947347,-0.14635132,-0.2740992,1.6134777
-0.2930271,-0.47454336,1.3031529,-1.495946,-0.04357188,0.07559309,-0.46886012,1.135053
0.9541174,0.25538978,0.46920997,0.81594807,-0.30058566,-0.84332806,0.60281247,-0.40106407
-0.12008549,1.0080867,-0.11505403,-1.3805357,-0.8577951,-0.42000777,-0.120052256,-0.4583731
-0.5649412,0.021491317,0.15136738,0.63365036,-1.4934782,-0.3366155,0.48810038,0.0002513245
-0.3510743,-0.26458836,0.49186748,-0.19671418,-1.3276478,-0.13384742,0.3238574,0.14879538
0.5724764,-0.11694248,0.9116234,-2.7899153,0.15884617,0.09105504,-0.8602147,0.6472939
0.14696395,-0.78971523,0.6996338,-0.5395416,-0.47249,-0.34241977,-0.10543405,0.9925982
-0.397596,1.1868399,0.007348343,-0.14256966,-1.174589,0.03592442,0.11922694,0.025132338
-0.32582468,-0.8501871,0.54650927,-0.5197476,1.6934646,-0.9074133,0.28307647,1.8995016
-1.1740142,-1.1895995,-1.2067895,0.23775181,0.5609019,-0.66013926,0.9559414,0.590052
0.31850675,1.1730542,-0.50539106,-0.50477904,-0.735029,-0.1089544,0.09864294,-0.7570623
-0.4115461,1.379965,-0.095678285,1.0625976,-0.83249307,1.3017364,-0.24894328,0.04979071
0.5507099,0.7675536,-0.059462026,-0.46323827,0.7100758,0.73034257,1.5052556,-2.1017463
0.5917602,1.4319422,-0.81315297,0.839076,-0.25302905,0.7902907,-0.72870475,-0.13065775
0.82107055,-0.21355793,-0.19502655,-0.7193434,2.412897,-0.5121313,-0.2446344,1.1474499
1.346229,-2.6306694,0.13735949,0.52226764,0.2887512,-1.3337396,-0.82561415,0.25080857
1.2816528,0.8684151,0.026990864,0.74966854,0.15717599,1.8499428,-0.16051069,-1.7771565
-0.43724695,-0.55866796,0.6344337,-0.8037857,1.7160221,-0.45896643,0.34457698,1.5235646
-0.8335622,0.36858425,-1.4994428,-1.0321784,0.85413927,-0.41367665,0.9252778,-0.40525094
1.1766108,-2.1038065,0.64371926,1.2293812,2.1894302,0.7561465,-0.7549874,1.1652647
0.64037234,-0.593018,-0.2144786,-1.2471186,-0.006761733,-0.7109191,-1.1277441,0.5317283
0.6514344,-1.8300965,-0.033019707,1.0075548,-0.6759125,-0.7166137,0.053754237,-0.84769803
0.85497,-0.003333724,-0.17755882,-0.2250617,-0.6970448,-0.35297662,0.26446745,-1.5498847
0.8390895,-1.4788805,0.8161825,0.9184162,0.693405,-1.4824203,-0.68916506,1.8326322
-1.1168411,-0.09891213,2.3104498,1.3747233,1.2157812,-1.5167395,-0.5956278,-2.006886
0.09980013,1.3165013,0.36704943,0.22286674,-0.8964828,-0.1129198,0.34651372,0.13813429
-0.61241776,0.28002456,0.093499824,-0.96502846,-0.8662056,0.47119224,-0.47711182,0.3707494
0.66411024,-0.5047781,-1.6921427,0.19563039,2.1736197,-1.7004741,0.19744918,0.68020946
1.4156721,0.30255762,-0.23671058,-0.082919315,0.3686905,-1.114818,-0.70331264,0.5133648
0.20487738,-0.11668749,0.351617,-0.3547043,-0.4467675,-0.6542655,-0.11235256,0.4359179
0.72952974,0.45640215,1.2374777,0.4444838,-0.6602717,0.07280307,1.2509993,-0.8604414
1.2925667,-0.36640272,-0.18221687,0.13294347,-0.29418346,-0.2117334,0.028967518,-1.1479468
0.8757198,-0.5955141,-0.32597253,-0.2749862,-0.21608911,0.16056785,-0.4700922,-0.9320128
0.12644507,0.016006526,-0.1783402,0.62421846,-0.8110268,-1.0810779,0.34377313,-0.14394918
0.19550267,1.2201003,-0.69021493,-0.66183627,-0.87273103,-0.7864215,-0.036389053,-0.44008112
0.11738232,0.7542761,-1.1634318,-0.28506088,-0.8976593,-0.18396191,-0.73876303,-0.7448161
-1.1097535,-0.4581417,-0.7400396,0.55461276,0.1894512,-0.7348639,0.90656924,0.60246944
0.734283,-1.2091492,0.45100793,-1.1653501,0.8445458,1.8006635,-1.5692981,-0.20014796
0.321893,-1.8093977,0.23096761,-0.14998385,0.18532738,-1.1030294,-0.9822689,1.0919335
-0.4439767,-0.2530166,0.22752339,-0.052105878,-1.3176478,-0.018398782,0.1544076,-0.06880227
0.2713877,1.1398667,0.8161465,0.42278323,-0.43579754,0.29399642,0.5004377,0.28645256
0.3401417,0.72940475,-0.82211846,-0.6413011,-0.67050236,-0.33746755,-0.40647787,-0.61638546
0.3467343,0.6948303,0.34003344,0.48069754,-0.60267925,-0.9529531,0.65268064,0.2624609
0.3676319,0.5860585,0.37713578,-0.13520738,-0.26808724,-0.9244712,0.1412843,0.7191564
-1.1982555,0.9966531,1.0465991,0.09704297,1.2831874,-1.7945279,-1.7439617,-1.7279882
0.8849374,-0.4053401,1.2557024,1.2039257,-0.5899712,-0.4294033,1.2253696,-0.17665234
0.23100205,-0.14356063,1.5676377,-1.8394293,0.0591433,0.21654661,-0.27082962,1.2163674
-0.51571774,0.23973829,-1.1682411,-1.3822181,1.2915444,-0.15389019,0.7383033,-0.30123642
0.19792412,0.26278237,-0.55704683,-0.78890616,1.6035677,0.33695644,-0.15078717,0.23285198
-0.4384848,-0.20958114,0.3155987,0.55254084,0.09591508,1.0577725,-1.0060699,1.0521355
1.0639517,0.6716945,-0.22063337,-0.047819957,-0.10432611,-0.80242705,0.043647394,-0.11670817
0.15748858,-1.3357022,-0.32346037,0.9105114,0.83782876,-0.078152366,0.9366482,-0.11204331
0.8170441,-1.1125977,-1.0296104,0.18875334,1.2901425,-1.0309895,0.45172864,-0.84129083
0.69336176,0.6466875,0.006693635,-0.62155885,0.8792866,0.18999295,1.5510454,-1.7871593
0.05527153,1.1949924,0.74130106,-0.52038354,-0.45926917,0.10978493,0.4655463,-0.17175925
1.368356,-0.5880138,1.5988587,0.35958576,1.0288755,-0.78824854,0.05992414,0.61456907
0.9047352,-0.8373164,0.7071227,-0.12975493,0.933782,-1.4229887,-0.7254384,1.7240591
0.020273574,-0.2232867,1.5278206,-1.2444961,1.89939,-0.9998373,-1.7717237,0.44877028
-0.11393432,-0.74177265,0.56863546,-0.14878207,-1.0435829,0.747476,0.016220814,-0.8984642
0.13604933,-0.33309928,0.2812156,0.1488857,-0.7506694,-0.7254289,0.037582695,0.5105755
1.1986665,0.8243982,-0.43541807,0.23142296,-0.12827222,-0.9897901,-0.27721816,0.08201316
-0.64123034,-1.390755,-0.72532904,0.4387888,0.8449543,0.18091322,1.1180696,-0.4654705
1.3540908,0.31806272,0.2975573,-0.19179043,-0.13485889,-0.16689536,0.3115379,-0.9180105
-0.1310017,-0.7748165,1.4007618,0.3723646,1.5064205,-1.8838704,-1.2019765,0.73250955
-0.61109495,-0.45604324,-0.5246769,0.24729612,0.53467774,-0.26630625,0.5415933,0.16428465
0.15631022,-0.3205835,-1.6663055,-0.1327685,0.953579,-1.2870897,0.26503474,-0.13111573
-0.72477835,0.029949155,0.3734113,0.40809995,-1.7141056,-0.45472005,0.7175377,0.11301159
0.6144118,-0.18135086,0.5825347,-0.59510565,0.38228044,-0.43697977,-0.9239669,1.0406916
-0.19942391,1.009673,0.3924038,0.7997348,-0.46746963,1.4897883,-0.4427811,0.40042895
-0.09074204,-0.87588716,-0.2812724,1.1749599,1.5029846,-0.14696597,1.3820204,0.24678537
1.1417702,0.5153559,0.12263078,-0.46433267,0.09694186,-0.9674491,-0.376047,0.3629496
-1.4865537,0.45290795,-0.07497751,-0.79632527,-0.33063215,0.3543605,1.0434988,0.05314163
0.6801918,0.27563834,0.32822254,-1.5279808,0.114956796,-0.12803553,-0.68329763,0.6739041
0.82025295,0.422408,0.073751256,-0.4566462,-0.6857039,0.29293883,0.5634075,-1.6915182
-0.043747786,0.42205575,0.33993188,0.11606611,-0.87182933,-0.5546203,0.2635908,0.354034
0.28469056,0.12786798,-0.40674952,0.24796116,1.2671964,1.6191852,0.48224154,-1.1101618
-0.07353977,-0.46167892,-1.0259882,-0.9843032,2.1365023,-0.17330703,-0.059046816,0.87425864
1.2552099,-0.2997425,1.2008634,0.86113906,0.5993234,-1.235143,-0.32871073,2.0677433
-0.2988835,-0.7790508,-0.1684344,1.3209412,-1.1801603,1.200461,0.030618615,-0.82358694
-0.08024389,-1.2991897,-0.61048645,1.7040216,-0.7162497,0.17580038,-1.1230136,1.0628159
-0.12889048,-0.0729704,0.0871506,0.8437717,-0.7793842,-0.7136878,0.19269429,0.5263219
0.33139834,0.5964905,0.22469254,-1.3306068,0.8325498,0.904157,1.1809825,-1.8969412
-0.5990927,-0.2344039,-0.010835078,0.103605784,1.1142793,0.9409306,1.6840742,-0.6126551
-0.0863216,-1.0873297,0.6443232,0.559674,-1.3072389,0.008913785,0.81179446,-0.8619875
1.2424011,0.38790455,-0.8741494,-0.096514605,0.10425846,-1.7975018,-0.2523758,0.15183212
-0.72742057,0.5384834,0.2020525,0.12944214,0.3671287,-0.113413215,1.3793874,0.15539362
0.057226483,0.035056967,0.105653785,0.41983032,-0.6593799,-0.5095374,0.085812934,0.47873032
-0.78982824,0.21403241,0.30168805,0.033880476,0.39980274,0.029023085,1.2224268,0.4894593
-0.37808532,-0.72403073,0.23898971,-0.6305079,1.1818556,0.23074587,1.4390925,-0.16658646
0.40211812,-0.8918993,0.79307157,0.36725953,-0.83710444,0.45888707,0.4953262,-0.4326548
-0.111676134,1.0818982,0.6854851,0.022802282,-0.7505901,0.14576378,0.111339636,0.3027483
-0.04323057,-0.10641287,0.8457721,-0.12546434,0.8640922,0.5329977,1.5276127,-0.4176115
-1.5579482,0.08347447,-0.21460187,0.34299457,0.24339923,-0.195258,1.7470936,0.5637653
0.3874947,-0.5715885,1.0250698,0.927039,0.037111696,1.5925249,-0.4006889,0.28289053
-0.7756977,0.8529799,0.11581048,-0.15865873,0.25730717,0.11864455,1.4742595,0.27852514
0.43254304,-1.1771132,1.4704505,-0.5886087,-0.21561009,0.051505584,0.119232915,0.19245926
0.9802967,0.35050642,-0.620944,0.012934842,-0.23429748,-0.6808067,-0.7952416,0.21995294
-0.83198625,0.48519114,-0.7568093,-0.31400174,0.7453505,-0.5002996,1.5860296,0.35570022
1.0719304,1.1363082,-0.5547473,-0.10816757,-0.18881755,-0.6712692,-0.19627531,-0.6388993
0.24056023,0.7426288,-1.017605,-0.42843148,-0.9636163,-0.64664334,-0.28995642,-0.7940909
-1.5956396,-0.0084464885,2.3233557,0.7458719,2.0491805,-2.1021633,-1.8623669,-0.19803782
-0.15283482,0.64161944,0.5651655,-0.6356148,-0.54124975,-0.08533064,-0.3123265,0.3676266
0.14270535,0.5055304,-0.5674893,-0.75237674,-0.8157556,0.2550106,-0.48915437,-0.48161197
1.3280265,-0.15180041,0.71220434,-0.6208325,0.038117655,0.055459015,0.30948898,-1.154274
-0.3747939,1.1059499,0.632837,-0.19727762,-1.1298347,-0.51259565,0.70279086,0.18414734
0.5609358,0.83255,-0.8883146,-0.04903405,-0.48400432,-1.1083158,-0.28334698,-0.4572638
-1.0239788,0.88476115,0.3048991,0.6537172,1.4500703,-2.1718082,-1.9218153,-1.5836642
1.3383665,0.31706604,0.5368489,0.031466223,0.4867487,2.0277517,-0.5078132,-1.0464859
1.7799329,-0.0012091382,-0.07315316,0.055445857,0.31643993,-0.62945074,0.118720934,-0.9275973
1.1593663,-0.8938546,-0.18813497,-1.0423006,0.72234005,-0.70423126,-1.7411544,1.2148664
0.037900902,-0.9843252,0.7338611,-0.71207386,0.49026152,0.7939467,-1.6845379,1.9311434
-0.42272916,-1.9086607,0.48577368,-1.4362786,-0.6781062,-0.48017704,-0.8984345,1.1350896
-0.63732505,0.05951135,-1.1553841,-1.3763739,1.3058101,0.3089122,0.4095055,0.097189695
0.5759883,0.7707402,0.17628735,-0.9475659,0.8761668,0.6650062,1.5673873,-2.08864
-1.885912,-0.79780054,-1.0040165,-0.58388,0.20016508,0.061640218,0.9725505,0.23839208
0.5828807,0.15232334,0.41952032,-2.1461866,0.019249963,-0.07157435,-0.5893246,0.15041898
-0.05738176,-1.0955426,0.038829245,0.08390206,-1.0947996,-0.045988247,0.10050297,-0.9296492
0.63504344,1.3961651,-0.32089496,-0.9633171,-0.42033243,-0.04556218,0.10248886,-1.158916
0.10260027,1.2903565,0.5984734,0.44126028,-0.84449667,-0.0097901095,0.6780635,-0.06518295
1.0240967,0.85921943,-0.20100899,-0.068647385,-0.054669432,-0.31305838,-0.26894805,-0.19174683
-1.5202641,-0.14805046,-0.19283345,-0.4102039,0.43378702,0.21970458,1.4811437,0.6825546
-0.22470525,0.7320042,0.60189646,-0.35222253,-0.6977377,-0.5158747,0.044689868,0.6013237
-0.33251724,1.3590585,0.40630552,-0.35494065,0.64220846,0.16239089,1.4655055,-0.42614603
0.90776145,0.35864174,0.13225947,0.013818721,-0.59052604,-0.35981557,0.30669355,-0.9828338
-0.2944454,0.9694193,0.333894,0.5282814,-0.4696251,1.6560371,-0.57910955,0.47894517
0.65534335,-1.0749185,0.5969276,0.04633039,0.3952525,-0.768655,-0.910692,1.8666105
-1.2830245,0.025980527,-0.40839505,0.23543885,-0.12154811,-0.430203,1.338952,0.30125338
-1.3478047,0.0970579,-0.2525522,-0.62463456,0.61303216,-0.04288126,1.3270705,0.5812361
0.059717435,1.0577877,0.8217788,0.32689822,-0.6885857,0.29032832,0.3987244,0.3885476
-0.43090022,0.60171205,0.041329924,-0.26807436,-1.1143678,-0.22803932,0.0016173519,0.3232039
0.27083993,-1.508402,0.16853642,0.2472285,-0.99339104,-0.6382367,0.16501439,-0.7499624
-0.15288858,-0.6606915,-0.7586484,1.0370097,0.8252142,-0.56683576,0.5925476,0.5430815
-0.8600054,-0.97882324,-0.63262004,-0.70241785,1.1071041,-0.4974427,0.8017929,0.5111869
1.019856,0.5307283,0.084519975,0.00062261755,0.27303258,2.0273926,-0.6547234,-1.4475007
1.8206954,0.14170848,0.6001234,-0.13569033,0.45947912,-0.32284468,0.2338291,-0.654854
0.1248872,-1.1670624,-0.22096139,-0.28089064,-0.4783355,-0.09595992,-0.936776,0.6862326
-2.1632214,0.7663682,0.42827946,-0.4575163,0.56321675,-0.9720717,-2.2006412,-1.9606242
0.5996948,0.432996,1.601748,-0.004019199,-0.3956677,0.8023345,0.915655,-0.81466776
-0.46257427,-0.006086264,0.7720672,-0.40161613,-0.61502093,0.11460076,-0.041403815,0.7000515
-1.8214443,-1.2476624,-0.52006143,-0.6678707,0.14964262,-0.08449164,1.3599913,0.62396145
-1.9960887,1.7134025,1.2176757,0.41385898,0.93481493,-1.2941777,-1.1306199,-1.7135704
0.62501025,-2.2496467,0.32433245,-0.39473683,-0.4988639,-1.0115304,-0.2687266,-0.23672591
-0.54002535,0.069382876,-1.4636307,-0.6318924,0.48439786,-0.3171966,0.11625464,-0.31456232
0.99620277,0.08688547,0.28526968,-0.48775607,-0.34430113,0.15274817,0.13654783,-1.3113278
1.0168836,-0.8904995,0.06428835,-1.4820207,0.44776803,-1.1371405,-1.4420296,1.0681953
-0.23328516,0.4147652,0.92788404,-0.6716812,-0.5447079,-0.07530135,0.08456558,0.80048174
-0.7279999,-0.38928452,-0.6825267,-0.23665544,-1.5059648,-0.41237038,-0.21596703,-0.2750351
0.3807179,0.97794014,-0.22829945,-0.5144359,-0.5722672,-0.20369014,-0.1824919,-0.26335406
-0.6726745,-0.8503695,0.07734795,0.44907472,0.25520432,0.100825414,1.524088,-0.43656915
0.29157802,0.12207285,-1.5098972,0.08008685,1.1612953,-0.7614795,-0.15549344,0.13465363
-1.2125834,0.35871896,0.29387423,-0.12008037,0.07152125,0.57554805,1.2493886,0.57299787
1.4970944,-0.45810258,-0.29451758,0.4250044,-0.023410222,-0.5903822,-0.030712442,-1.0323758
-1.0359406,-0.7133012,0.41307217,-0.93390685,0.80446184,0.91999584,1.5195583,-0.34683833
-0.48401877,-0.56116426,0.057531368,0.21647295,-1.5409198,-0.12645237,0.5792429,-1.0337654
0.32203087,0.84259015,0.20988694,1.6620449,-0.07668111,0.8986111,-0.7283789,1.3082376
0.0778153,-1.0512737,0.6124972,-0.13261369,-0.48333755,-0.3272624,-0.47033724,0.8719786
0.5382271,-2.5993369,0.62472945,-0.10331333,-0.21185605,-0.32374457,-0.56100726,0.1740649
-0.36617786,0.37446818,0.53950405,-0.21148841,0.44992483,0.35437283,1.7513452,-1.3043959
0.35210413,0.07798013,-0.34658593,-1.0617181,0.95679444,0.15029104,1.1384519,-1.4596049
