z1,z2,z3,z4,z5,Attrition
-0.85685,-0.0037751868,1.001096,-0.3438991,-0.46259815,1
-1.1523552,1.1485051,0.39725968,0.51963896,0.41968042,0
1.7267907,0.5821519,0.67911434,0.57127875,0.5635792,1
-1.0033493,0.59908235,-0.09959791,-0.038036793,-1.4034371,0
0.6517241,-0.37952515,-0.947379,0.97829336,0.056117043,0
-0.5432185,0.9997666,-0.58545613,0.23000377,-0.293322,0
0.8837056,-1.5947781,-0.11387855,0.6559954,-2.2101097,0
0.5158334,1.0590544,-1.3532857,2.1113813,-0.5466765,0
-1.3467256,1.6730822,-0.62497944,-0.72274846,0.09834193,0
0.57058144,-0.9704559,-1.4802499,-0.22421652,-0.6781363,0
1.8810024,0.017946571,-1.0195539,1.352621,-0.64148283,0
1.1481674,1.3964823,1.3479791,-0.2924318,-0.26298472,0
0.7257783,0.13875905,-0.41329312,1.4073951,-0.5412481,0
-0.010020196,-0.23448478,0.5835465,1.1852894,-0.09751654,0
0.45021492,0.7328185,0.11596322,0.026061054,0.9866387,1
-0.09578447,0.10792112,-0.8703997,-0.07115764,-0.9223894,0
0.62133497,0.82813317,-0.4522341,1.0749472,-1.9038538,0
-0.107807785,1.039232,-1.3900934,1.5081503,1.521868,0
-1.5639895,-0.74459934,-0.8253213,-1.995956,-2.571141,0
1.126031,0.43230245,0.82160115,0.48929697,-0.46088934,0
0.32529184,0.66389966,-1.1283123,1.2009165,-0.26011884,0
0.91683984,0.102040775,0.6242091,-0.6034925,-0.27020228,1
0.15130988,0.6053292,0.22856458,-0.45477384,0.3468606,0
1.2382315,1.4538339,1.0604177,0.9127224,0.20596822,0
2.2900827,-0.14135958,0.47338945,-0.047586463,0.6534792,1
0.19912018,-0.49275777,-1.8606031,-1.1039346,-1.457781,0
0.68212765,1.7437153,-0.2954647,-0.15292281,0.27219403,1
-0.94408226,-1.6926239,0.8573464,-0.31018767,0.20733076,0
0.18366566,-0.8385351,-0.3802802,-0.86778414,-1.6944774,0
-0.43624562,-1.6299522,0.6501757,-2.606527,-0.8372894,0
0.77817297,-0.19725081,0.3541063,-0.5984448,0.45900035,0
1.0280787,-1.0287758,0.15776703,-0.62735903,-0.71275055,0
0.5014757,-0.9071699,0.9501454,-0.4375564,0.061742038,0
0.12428282,-0.28949255,0.28596175,-0.28523165,0.5022064,1
1.2923782,-0.5641028,0.58315384,1.8923025,0.5589023,1
0.8080168,-0.314582,-0.6376779,0.7052344,-0.86140054,0
-0.43259394,-0.79227674,2.13687,-0.16262111,1.3443218,1
-1.5688812,-2.4922018,2.8216867,1.1299564,-0.25745392,0
0.5019399,-0.36505336,0.07555598,1.2365488,-0.18546212,0
-2.3482318,-0.38550347,1.0179774,1.7595898,-0.8380754,0
1.0941533,0.10807971,-0.2534891,0.77763766,0.40441456,0
-0.77699184,0.9347908,-0.065465145,0.047648787,0.021867253,0
0.82132876,1.3423253,1.0950955,0.6459522,1.0202998,1
-0.3830737,0.24334162,0.8447565,-0.2061454,1.103374,0
-0.7902161,1.2671669,-1.0751117,-0.6532642,1.9312105,0
-0.19176582,-0.30793598,-1.2810981,-1.991933,-1.9373817,1
-0.6134263,1.0648896,0.5786776,-0.14533275,1.4393361,0
0.90686345,-0.27324364,1.1844321,0.8087757,-0.6037172,0
-0.1687308,-0.49884772,1.4759165,-0.19641823,0.80941486,0
-0.42961735,-0.21796155,1.0957097,-0.3800726,-0.3345744,0
0.7789502,0.021633506,0.69669074,-0.59387726,-0.18368295,1
0.15515429,-0.7343997,1.5051986,-0.08394111,-0.029608712,1
0.4263535,-1.6882224,1.0067894,-0.45423937,-0.35129678,0
-0.5313011,0.010165513,-2.0294836,0.29700354,-0.49235445,0
-0.44554487,-1.6908733,1.0299873,-0.06944764,-0.61948395,0
-0.25444937,2.3654768,-0.6292994,-1.0730404,-0.60594344,0
-0.98940957,-0.16537419,-0.19438666,0.578367,0.38297766,0
1.8421255,-1.7180175,-0.63024366,0.18820077,0.42669362,0
-0.21092132,0.835117,-0.75541097,0.80441475,-0.022822857,0
0.07226765,0.5560478,-0.7800706,0.8278681,-1.6780462,0
0.69447774,-0.4189682,-1.1505919,-0.13454221,-0.26110208,0
-0.84201354,1.0674437,-0.18341753,-1.3479276,0.17413662,0
0.81806886,-0.20422345,-2.118844,-2.215923,-2.0185921,0
-0.826486,-1.606507,-0.54603684,-1.0483265,-0.5861683,0
1.088651,-0.4089405,-1.8590281,-0.16389474,-0.017178655,0
-0.8601654,-1.3567644,-2.0316746,0.15546101,-0.9182538,0
-1.9251722,1.3599683,0.13739032,-0.47184068,0.50244796,0
0.26946855,1.2048349,-0.08105671,1.4678646,-1.1815779,0
-0.32989195,0.006545514,-0.8456898,0.3345495,1.2554071,0
1.3088613,0.38141346,-0.0037482977,0.59913933,-0.42698014,1
-0.7179186,1.0559149,-0.69250655,-1.2732911,1.2562273,0
-0.622134,0.19733109,0.4944548,0.86590695,-0.50563264,0
2.3034275,0.14650106,0.15433384,0.30291396,1.4256918,0
0.2829658,0.29215977,-0.08550778,0.38325655,-1.9854238,0
0.81536007,0.2389769,0.65111977,0.59437245,-0.96733165,0
1.081367,0.9707386,0.91416717,0.014490366,-0.60078466,0
-0.8739172,-0.4985764,2.2936907,-0.8685987,0.5816909,0
-0.6624237,-0.6270037,0.38834515,-0.17429627,-1.042304,0
1.2942477,0.006694231,-0.12697583,-0.8273436,0.9166014,0
1.5419371,-2.5303116,-0.79764634,-0.45823753,1.2129359,0
-0.82152325,0.44809937,1.022533,1.4044127,-0.49726582,0
1.7927346,0.26920012,-0.8706174,-1.1884009,1.3494657,0
0.21825749,-0.092101336,0.25869918,0.060952358,-0.015727669,0
-0.07517061,0.21620658,-1.8839428,-0.03395027,0.43190107,0
-0.020672262,-0.48830897,-0.22534041,0.3114404,-1.1976298,0
0.88641846,1.1684059,0.9617009,-0.26336253,-1.2279452,0
0.96586573,0.20255518,1.0899072,1.1666381,1.2095653,0
0.8363346,0.5209464,-0.08476317,1.4096018,-1.3549176,0
-0.9671279,-0.14789648,-1.486728,0.49028364,-2.7844663,0
0.10725232,-0.5208764,0.23071654,-1.1710753,0.05159831,1
-1.002283,1.3015047,-0.63282806,-0.46538982,-0.5219736,0
-0.7090726,0.5103594,1.2368997,-1.1829821,0.75290036,0
-0.14617044,-0.866493,-0.37630346,0.77682775,1.1116927,0
-1.0201153,0.07114965,-2.052178,-0.26660994,-1.3048968,0
0.36334407,1.5498787,1.4800663,-0.45689487,-0.3578955,0
0.4875688,-0.58871424,-1.4160869,0.35014248,-1.2156816,0
-0.25154492,-0.67069376,0.8608484,0.40230486,-0.0087914765,0
-1.4149803,0.17754841,0.3389568,0.94173366,0.8438368,0
0.23720092,-0.7571706,-0.20280729,-1.0112684,-0.4830193,0
0.14111584,1.0597688,-0.8598244,0.88281125,1.1543734,0
1.4780364,-3.4375765,-0.52230644,0.7019396,2.7173815,1
0.92497766,1.2865038,0.6974211,-0.68750095,-0.12827146,0
0.44989434,2.240476,-0.08252442,0.8363405,0.096349716,1
-0.11712986,1.3088517,-0.5276196,-1.5423216,-0.35036385,0
-0.7105987,0.9500418,-0.66459227,-0.55225205,-0.26251882,0
-0.55416644,-2.4505265,-2.0644243,-1.2742369,-0.22455567,0
0.18023902,1.2606633,-0.4306033,-0.774028,-1.0117477,0
0.23095754,-0.09621662,1.7734188,-1.4241047,1.468826,1
1.7797663,-0.68181896,-0.0947042,1.8449879,1.192439,0
0.98998237,0.6000837,-0.14271355,0.23400454,0.6772549,0
-0.3967354,0.81852067,-0.41619015,-2.0322347,0.30181938,0
-0.15782256,1.6841599,-0.17544721,0.47523853,0.16052365,1
0.5141022,-0.8421357,-1.410376,-1.8924475,-0.0048858523,0
-1.1431015,-0.56830746,0.5770397,2.564068,-0.01831925,0
0.5518149,-0.79794157,-0.041428026,-0.13477975,-0.42720008,0
0.16221616,-0.7973785,1.3572283,-1.2936931,-0.7789875,0
0.2867018,0.3075843,-0.9470951,-2.0093575,-0.9494964,0
-1.6519997,-0.29548347,0.10824677,-0.2933714,0.61802274,0
-0.29908502,0.79894793,-0.6072008,1.3753881,0.20079505,0
-2.5013916,0.98114806,0.25642478,-0.21227756,-1.8327978,0
-0.6505171,1.1929308,-1.1995432,2.1081147,0.030321598,0
-1.445704,-0.7603752,0.6220964,0.02683869,0.35991764,0
0.21399972,-0.6085181,-0.71254116,1.086404,-1.2859586,1
-0.5101594,0.871423,-1.3019465,-2.7423213,-1.5732354,0
-0.54549736,-0.8380977,1.1307399,-1.3570244,-0.24973139,1
0.8090772,-0.056375027,0.67668843,-0.032163918,0.6857859,0
-1.044986,-0.26080307,-2.0769174,-0.4341035,-1.6295433,1
-0.42892063,-0.50634634,0.62727475,-0.4094348,0.7344152,1
-0.26384902,-0.18330014,-0.28187066,0.28251868,-1.7232273,0
0.8237993,-0.8628415,-0.22168946,-0.2171984,-0.183774,0
0.36515063,0.3332308,0.36348468,-0.2675662,1.2683758,0
-1.8926938,-0.07734594,0.4704738,-0.15973413,2.1280336,0
-1.1883337,-1.0180329,1.0594399,-0.13715309,-0.04192148,1
-0.9211494,-0.95694077,0.031248808,-0.20799969,0.99424684,0
0.17349195,-0.95041686,-0.22327033,0.39035052,0.20361616,0
1.5020043,-0.38526514,-1.484402,1.1937422,-0.0075642318,0
0.85120714,1.288643,-1.9322648,-1.093898,0.40597892,1
-0.4968215,0.005101204,1.2303193,-0.030254528,0.32155484,0
-1.1990836,-0.45773205,0.9389884,1.3189298,0.33268443,0
1.5789835,-3.3079722,-0.098010354,-0.1228641,0.0336487,0
1.133681,-0.78861326,-0.5145923,0.16915621,1.0153147,1
2.015902,0.095494986,0.44827545,-0.5580866,-0.2744954,0
1.5084907,-0.7209238,0.7606501,-1.2694008,-0.20763674,0
0.6398082,0.77420324,1.5545142,-0.36299056,0.33208504,0
-0.93106747,-0.07403335,-1.2860976,0.59532166,1.8943549,0
1.2839105,-0.080665365,0.27688512,1.2558445,-0.39189544,0
1.6264459,-0.038348645,0.5301378,0.6454486,0.6970595,0
-0.7424277,0.6360395,-1.7358398,0.023289382,-0.364451,0
0.08077174,1.4865906,1.4597244,0.5250073,-0.15607178,0
1.5124278,-0.26653463,-0.42156428,-0.0035395026,-0.03585857,0
-1.1481729,0.94284713,-1.1226021,-0.1780521,0.2737345,0
-1.1619725,-2.1151009,2.021196,-0.24794666,-0.24860057,0
-1.2258859,-0.76682746,1.1587756,-0.03710723,0.32774976,0
1.1897792,0.065549865,1.5640824,0.8174358,-0.6494159,0
-0.41305017,-0.50227654,0.56944346,-1.2942472,1.7385688,0
0.16779166,0.6341424,-0.53545415,0.5734058,-0.30122462,0
-0.22382164,0.32492557,0.6133325,0.1932303,-0.74198055,0
1.5245247,-0.12746103,0.86048144,1.9107919,-0.62417567,0
-1.3115127,-0.6819797,0.22903287,0.042518735,-0.7995173,0
-0.64274263,-0.11050427,1.0893332,0.47963512,-0.36855912,0
-0.6305964,-0.49219808,0.4708142,1.665179,0.65527266,0
-0.21271595,0.25586328,-1.3527386,0.7384311,0.7884491,0
1.4456556,-0.33684957,-0.8198886,1.9466813,-0.647827,0
0.2432774,-0.54359096,-1.9939358,0.5343285,-1.2109586,0
0.69503903,0.7238315,-1.8131816,0.54287976,1.693188,0
0.014398232,-0.47166568,0.26297146,-1.6766319,-0.70196915,0
0.7895819,0.42370918,0.16573921,0.3743629,-0.088392496,0
-0.93079954,-0.024172246,0.49842742,1.1073853,-1.1418651,0
0.34656972,0.4632989,1.1290607,-1.1029696,-0.31616035,0
0.4866537,1.4850569,0.8419432,-0.11402108,0.30376965,0
1.0014589,0.2461631,1.3527863,1.2733567,-1.4369708,0
-0.9668814,1.3093193,1.8381412,1.293632,3.13214,1
1.1143687,2.1407552,-0.7587152,-0.46455425,0.82598937,0
-0.7238618,0.42269602,-1.1615365,0.4450603,0.66781265,0
-1.1558561,-0.6689546,-0.14977908,-0.04590501,-0.04974737,0
1.3775971,0.14099422,0.25698987,0.33375716,0.050294876,0
0.42114455,0.729688,1.0860316,0.47501704,0.30039018,0
0.70437247,1.6442857,1.8198142,-0.64658064,-0.15821506,1
-1.9347607,-2.0958273,-0.7972175,-1.6619897,-0.34386116,0
0.35052592,0.719698,0.5157893,-0.11900532,0.26952022,0
1.3300264,-0.8792981,-0.14312348,0.84247625,-0.79160583,0
2.0082462,-0.023034662,0.12339078,0.07795357,1.4933144,0
0.32696223,-0.85159963,1.5200857,-0.45812416,1.6988256,1
0.5493835,0.2909902,0.4937747,1.4449251,-0.85012054,0
-0.5459523,-1.0469977,-1.4339421,0.5283542,-0.10159372,0
0.2553162,0.47932512,-0.047756977,0.14076602,0.038142115,0
-0.53413135,-0.6606931,0.07297325,-0.89943326,-1.1299338,0
0.2669264,-0.015667439,-1.7598503,-2.1190908,-0.36366075,0
0.6067595,0.6702569,-0.07355543,0.20185858,-0.9398034,0
0.99900365,-0.06861831,-1.151559,-1.2485577,0.7560795,0
-1.3080881,-0.45700178,1.0823112,-3.2091885,-2.3737035,0
1.2883958,0.3016082,-0.5000928,0.6267538,-0.07700947,0
0.28641373,-0.1176205,0.7609115,-0.030008256,0.48963106,1
-0.21424374,0.11042781,-2.2116413,0.70272815,0.26379272,0
0.10864037,1.1124939,-2.0316036,-1.3354027,-1.0338926,0
0.65790576,0.88273185,-0.18165177,0.9008652,-1.048267,0
0.58409375,0.8840926,-0.9197967,-1.1770147,1.444801,0
-1.1578609,0.1172069,-1.2608926,0.7705915,1.8432202,0
1.3878307,0.45515966,1.0338559,-0.22942439,-0.090049446,0
0.8541164,-0.50157154,-0.1875826,0.48987764,-1.0925207,0
-0.28940803,0.7402731,-0.4742919,1.2239833,0.3153042,0
-0.12569845,1.0649604,-1.960042,0.90459174,-0.6883677,0
0.6960641,1.2198945,-1.128874,0.4104853,0.7793261,0
0.33456326,-0.100049585,-0.67284954,0.33048904,0.18421733,0
1.1546608,0.3758055,-0.58986986,0.5997475,0.04805073,1
-1.8166205,-0.8816229,0.64316845,0.5471449,0.11285922,1
-0.08808091,0.7001852,0.95876354,1.964552,-0.06994158,0
0.1669226,1.7266542,0.50405556,0.550453,1.8430433,0
0.21628267,0.2228882,-0.5313296,0.26385656,0.1223039,0
0.2163831,-1.0118339,-0.37001538,-0.7040859,-0.45996505,0
-0.084760785,-0.72245127,0.2509686,-0.22367597,0.592422,1
0.83452517,0.34887135,0.7653095,-1.5363393,-0.4187214,0
-1.8302231,1.1679263,0.5707008,-0.7346215,1.5912595,0
-0.008015931,-0.3924262,-0.6172681,-0.51329976,-1.0811387,0
1.6741631,-0.12310457,0.5742826,0.17763919,0.96124756,1
-0.25501633,0.0050313473,1.0235243,-1.2013767,0.4595526,0
-0.119262815,-0.47322085,-0.17207146,-1.3228201,1.4562259,1
1.474638,0.019131243,-0.2898054,0.2950304,1.2703015,1
-1.1693449,-0.012369871,-0.55913806,-2.2025442,0.23954856,0
-1.3332543,-1.1816971,0.38383853,0.59623027,-0.13631356,0
1.2502098,0.080525815,0.5265033,0.16143245,-0.043874383,0
1.6145362,0.064697675,-0.37746823,0.78072965,0.6014468,0
-0.8036486,-0.7930448,-1.618135,-0.101738065,0.18905282,0
-1.1014626,-0.051475763,0.12278157,1.0924044,-0.7841635,0
-0.048483185,0.50709486,-0.4785007,0.27545995,-0.010819674,0
0.34438488,0.6151931,1.2939465,0.58904636,-0.23716402,0
-1.0089573,-0.21846455,-0.26858738,-0.044625074,2.1305554,0
-1.5125527,0.10736716,-0.58573264,0.78245455,1.1030416,0
-1.3978016,0.1122318,1.0958848,-1.8528845,1.323711,0
1.80615,0.15797293,0.49816048,0.88717663,1.1553704,1
0.3934656,1.1315312,1.6517832,-0.733513,0.4454986,0
0.019413948,0.06558603,0.41277534,-1.8871669,-1.617501,0
1.2828207,-1.6642401,-1.2108171,-0.78447664,0.33140576,0
0.01745065,-1.123168,-1.1386757,-0.058648407,-0.63160896,0
1.3222529,0.3106754,0.31425288,-0.13337326,0.4299994,1
-0.23053223,-1.1221001,0.5773515,-0.54292274,-1.7064018,0
-0.17796671,-0.76317036,0.80839,-0.16312271,-0.58070153,1
-0.92632794,1.8234832,-1.2344071,-3.4566517,-0.9093248,0
0.13890052,-0.08561213,0.2945214,1.2417513,1.075916,0
0.44049323,1.246606,1.4169707,1.5745193,-0.51832813,1
0.97312135,-0.53230315,-0.7160557,0.52284557,-0.34364912,0
-0.965951,-0.33932406,0.5071373,0.43598908,1.2150309,0
0.8308674,0.9067988,0.04741545,2.2817197,-1.1682936,0
-0.50597435,-0.29758665,-0.04784605,1.8660479,-0.09229419,0
-0.16364524,-0.6526583,0.20046249,-0.8398108,-2.8908343,0
-0.019137308,0.97545964,-1.8718445,-0.8332121,-0.5538749,0
-0.5286404,0.45826375,1.2895286,1.2533116,0.14296144,0
0.10748398,-0.021640584,0.9663867,-0.3939423,-0.66073895,0
1.6476043,0.124022216,0.87647766,0.22764432,-2.0190554,0
-0.5850975,0.7807185,-0.4057958,0.10605997,0.63046396,0
0.7291713,-0.26646635,-1.8055054,-0.1387783,1.3873239,1
0.36842072,1.1814377,-0.44074643,-1.2510902,0.015671246,0
0.7624562,1.8236477,1.6397674,0.5649273,-0.8281332,0
1.2408929,0.22121802,0.8643181,-0.2475631,0.20329234,0
-0.96369404,-1.9425176,0.4211421,0.042371213,-0.14310503,0
0.38541508,0.51423484,-0.11581227,1.7275614,-1.5576332,0
0.6889847,-0.2849424,-1.1315997,0.58238995,0.013099857,0
0.41872978,-1.114397,-1.5757097,-0.6041516,-0.6259737,0
0.054204673,-0.1619415,1.1563284,0.31467906,-0.7882175,0
1.1101229,0.34762585,-0.60488623,-0.8865794,0.9043807,1
-0.59148693,1.169398,-0.83285606,0.1419062,-0.8511081,0
-0.62825274,-0.11582822,0.11854375,-0.36749557,0.643584,0
0.63908297,-0.2159048,-0.50907385,0.5079714,0.5073493,0
-1.284142,-2.2111244,-0.730561,-0.667616,-1.0826021,0
0.90501934,1.2589494,0.56264025,-0.21554545,-0.5739612,1
-0.59001577,-1.5066795,-0.45447055,0.475473,-0.27904323,0
0.62589204,0.4497913,0.12506562,1.0005367,-1.1761382,0
-0.49006546,0.16702059,-0.6813817,0.5418062,-0.54681313,0
0.3248689,-0.70022,-1.2138075,-0.7514919,-1.2481645,0
-1.0624369,-0.1899319,0.19040743,0.86387146,-1.2375857,0
0.72197735,0.12907231,-0.03450501,-1.9137816,-1.2040272,0
-0.15235329,-0.6538248,0.34158564,-0.3270734,-0.57412124,1
0.9777043,0.042498443,0.38040948,1.964148,-2.0058484,0
-1.3465657,-1.7865889,0.8233387,-0.18106356,-0.7671509,0
0.88390064,1.5575619,-0.009446859,0.14366925,-0.18120122,0
-0.7095896,0.31664258,-2.3678727,0.66769004,0.3065462,0
-0.7682414,-0.3481842,-0.6130483,0.16817981,-0.7772502,0
1.7669537,-2.1640286,-0.3288006,0.43061182,0.7294261,0
-1.8301091,1.3397831,-0.6924907,0.842784,-0.42184812,0
-0.067891344,-0.24224599,-0.9420381,-0.46456823,-1.6630723,0
1.082475,-1.939305,-1.9821932,0.58761877,-1.0569645,0
-1.5602334,0.15805924,2.1653016,-0.48128575,-1.4146698,0
-1.2184181,0.098735034,-0.6026167,-0.33744818,0.694518,0
-0.26942396,0.02881676,0.17670578,1.1392375,-0.7735814,0
-0.5512419,0.7075442,-1.4345978,0.6344288,0.85155463,0
1.4487898,1.7868991,0.5470921,-0.014016688,-1.4811828,0
-0.68262476,1.9304667,0.3391595,1.2693577,0.6381459,1
0.20725009,-0.1676646,-0.13884968,0.6286831,0.04576993,0
1.4657016,0.13280271,0.06669009,1.229074,1.0824747,1
0.46610972,1.1089017,0.72715366,-0.44448975,-0.23137711,0
0.17016943,0.55750704,-1.3884867,-2.3943472,0.9351108,0
1.7454573,0.29341882,-0.096027434,-0.4241527,-0.6296233,0
-0.92135143,-0.9345615,-0.074775055,-0.2094394,2.180162,0
-0.39146593,-1.3372257,1.2720596,-1.1208619,0.6953925,1
0.6876215,0.6257781,-0.97429895,1.2353574,-0.42056522,0
-1.1106341,-0.6272025,-0.080237985,-0.51735294,1.7310545,0
1.2240729,1.0573323,0.9550435,-0.6564736,0.7030418,1
-1.3597772,-1.828536,0.6795323,0.10656975,-0.32379767,0
-0.7581946,0.39991748,-0.29213202,1.6631382,0.43159607,0
2.0747902,-0.29087117,-1.1256351,0.015984159,-0.5758362,0
-1.1509011,-0.47918388,-0.34026903,-2.1766596,-2.4216578,0
0.71795934,-0.53024024,1.104775,0.001064729,1.3101927,0
1.6460578,0.2206763,-0.6707662,0.038085043,-0.11923158,0
-0.59185374,-0.973427,1.6041436,-0.6878195,-0.17287382,0
1.2727205,-0.26640782,-1.9257594,-0.039095312,-1.8357172,0
-1.8968681,0.8074104,-0.77483445,0.43326664,0.17246373,0
-0.60064995,-0.7349017,1.3092458,0.20965895,0.025933504,0
0.3345516,-0.2251943,-0.708633,0.4337371,-1.1746955,0
-0.056782663,1.1345656,-0.39733136,-1.0201272,-0.179654,0
0.6772901,0.1760292,0.18102682,0.974343,-1.5978315,0
1.4633943,-2.5747309,0.44192278,0.43618202,0.9004032,0
-0.86123055,0.2940712,-1.0708822,0.7321936,-0.3558351,0
0.7415949,-0.6761388,0.26572156,0.045477033,-1.261602,0
-1.5846175,-0.20237643,-1.6956253,-1.1644001,-0.94544804,0
0.69570297,-1.046092,-0.54003537,-1.7771618,-1.1135393,0
0.26596564,1.7589711,0.17690967,0.03686896,-0.31123215,0
1.5843903,-0.2992036,0.23594436,-1.3037544,-0.25647396,0
0.40723598,0.4342489,-0.19415209,0.094706565,-2.0094776,1
1.2865554,0.16132551,0.5389678,-0.5280347,0.47918162,0
-0.26278502,-1.0805091,0.78531605,0.022663713,-0.045311585,0
-1.0252624,0.4422435,2.5320303,-0.10079481,-0.7582436,0
-1.2508224,-1.9525648,-0.73536193,0.8247476,1.279829,0
1.3671378,-0.27906626,0.8867775,-0.82281756,-0.32099587,0
1.1647774,-1.1257212,0.46709222,-0.62458974,0.11851093,1
-0.39326137,0.05227831,0.42760378,1.6557046,-0.28503832,0
-0.6739921,1.3487215,-0.66723955,-0.04809061,-1.8090615,0
-1.9437988,0.13595971,-1.6683086,-0.62809,-1.4169359,0
0.6859916,-1.8982954,0.71649545,-0.77851665,-0.51832587,1
-0.071929455,0.26725727,1.254082,-0.35099497,1.8583477,0
-0.7584958,-0.26818413,-1.2698554,0.4413762,-0.67566633,0
-2.0304801,1.0572772,-0.4651127,-0.24189657,0.679371,0
-1.6117429,-1.4379746,-0.73259956,0.327792,1.5888546,0
0.68010616,1.469986,0.34872183,-1.0949063,1.3745348,0
1.2253215,-0.55961674,0.43799123,0.16910358,-0.76451445,0
0.9195727,-0.5072266,-1.3041692,0.16651814,-0.745541,0
-1.634474,-1.1495278,0.09835097,-0.09668344,-0.6851897,0
0.85958487,0.42010617,-0.14439422,1.5867994,0.8208684,1
0.8402543,0.20501077,2.5155149,-0.5622604,0.17598839,0
-1.4135096,-1.149259,0.23137943,0.376204,-0.23250893,0
-0.82396543,-1.170043,0.30715555,0.68721026,-0.035741717,0
0.40178362,-0.12542292,-0.9717495,-0.23272526,-1.0721078,0
-0.8342417,0.3458613,0.2264255,-0.037924875,-0.97687775,0
0.7668127,-0.6211309,1.1948233,-1.0303552,0.36011872,0
-0.54569364,-0.48149002,1.246747,-0.009401202,0.8291276,0
0.6197401,-0.73868334,0.11429627,-0.3635707,0.99536705,0
-0.39967394,-0.11203244,-0.365153,1.8548692,0.4632542,0
1.1381319,0.42857465,-0.7974373,-0.4585766,0.9800925,0
-0.6140185,0.8365994,-0.24893554,0.080473244,1.741668,0
-0.24886411,1.6620569,0.006046295,-1.7560036,0.42622182,0
-0.96064216,-0.01679425,0.3813077,1.3493958,0.572461,0
0.62207067,-1.8450273,-0.7107935,1.1230242,1.9492743,0
-0.05316347,0.3439184,0.03629023,-0.009906828,0.16317335,0
-0.07441442,-0.3816576,-1.2950374,0.77829885,-1.0511284,0
1.1338902,-0.96715593,-1.3710405,0.81729555,-0.41859263,0
-0.5628549,-1.1016241,0.4145763,0.040518194,1.6875892,0
0.15087754,0.7339928,1.1296477,0.114349335,-1.2156208,0
0.7080649,-0.3316691,0.4350013,-0.56543887,0.70478725,0
-0.65814805,1.1039416,0.5798749,-0.5425744,1.9029961,1
0.96228373,-0.37704915,0.11303367,-1.1997509,1.2561765,0
-0.9904623,-0.72441924,-0.47929436,-1.1827112,-0.32715446,0
0.82349354,0.17221457,-0.079448104,0.8283535,0.79252017,0
0.05938448,-0.35407555,0.8780236,0.9489921,-0.32640293,0
-0.2917062,0.3527847,-0.37456894,0.024434064,1.206955,0
0.09576573,-0.52478474,1.1976719,-1.08996,1.3373003,1
1.0175853,0.077980965,-0.3619875,0.64831334,-0.30047354,0
0.7397047,0.34358466,-0.40889418,0.48192775,0.90379554,0
-2.0057578,0.13284531,1.4742106,-1.137303,0.9149775,1
1.3748814,-0.41130242,-0.6869139,-1.3136764,-1.1279732,0
-0.8971739,-1.7670342,1.4637963,0.39775342,0.26314953,1
1.195533,-0.3365934,0.88265073,-0.043252915,0.79284215,0
-0.095484555,0.0063866377,1.3823897,-0.37368232,0.20929295,1
0.71952367,0.43716884,0.24134594,0.6676486,-1.2543497,0
1.8133787,0.45419288,0.29911152,0.39123195,1.048193,0
1.3121735,-0.01699983,-0.013715863,1.3564136,1.3250872,0
0.31204772,-0.89180064,1.8752062,-1.2945383,0.798383,0
0.88965714,0.019450441,0.104222566,-1.2048306,-0.50080216,0
-1.2946193,-0.22403023,0.7719737,0.40259737,-0.46532828,0
0.09949443,1.5470684,1.5097868,0.59557194,-0.51236916,0
-0.43263316,-0.40972313,0.73046124,-0.56079,1.869885,1
0.9564064,-0.45363274,0.12799096,-0.41042686,-1.9361045,0
-1.1442974,-1.4159105,1.0953051,0.8568089,-0.34386283,0
-0.7096175,-1.2930055,1.9747652,1.2835627,0.77550906,0
-0.15213951,1.6049969,0.32799995,-0.69832474,0.44372684,1
-0.12572843,0.55913454,0.39337376,1.3453002,0.3525494,0
-0.6392975,-1.1940606,0.08897294,0.32309273,-0.5373417,0
0.79532045,1.6500738,-0.65046734,0.6084974,1.730237,1
-0.3720948,0.60728174,-0.61452305,0.48344785,-1.4045694,0
-1.1977637,-1.9081185,0.5073566,1.0035717,0.33980417,0
0.22438909,0.37725535,-1.3263994,0.73373127,0.1550909,0
0.43995255,0.5287156,0.745455,-1.341621,-0.01600486,0
-0.027693197,0.6993859,-0.23647738,-0.5631655,-1.3470063,0
0.3049671,-0.19438979,-0.12611839,-0.36942625,0.4983003,0
1.418509,-0.6687753,-1.624566,0.35911804,-1.7226272,0
-1.7206438,-1.407749,0.59899056,-0.44122148,0.6906672,0
0.7345829,-0.84249306,-0.97289693,-0.022056997,-1.537627,0
-0.0916839,1.350733,-0.88643765,0.9885469,0.5407516,0
0.83072394,0.2820623,0.3708088,-0.5840898,1.3305213,0
-0.19836248,1.1035589,0.23025227,-0.6486813,0.32452893,0
-0.43418846,1.1365395,-1.4438522,0.74289256,0.87557113,0
0.66350055,-0.4756767,0.43747514,1.5110545,-0.78432846,0
-1.8943659,1.6596422,-1.41445,-2.0248618,-0.99176204,0
-1.6972177,-1.7388225,-0.5416833,0.56424016,-1.8634533,0
-0.92978877,0.5826949,0.08655393,-1.6884078,1.2590721,0
-1.164058,-1.0067191,0.42410144,-0.6823991,-0.023995705,0
0.7893167,-0.01418899,-0.31838512,1.018699,0.8401652,0
0.9427182,0.35988495,-0.21838027,0.73102117,-0.5491048,1
0.28402337,-0.8125571,-0.39002678,0.17852107,-0.6056137,0
0.24646576,0.45773572,1.1651169,1.1913499,0.14144474,0
-0.4250931,-0.53244126,-0.25682944,-0.3439706,-2.5670402,0
0.36052006,0.4855485,-1.7811668,0.56041634,0.6012366,0
0.8065443,1.2762569,0.5174803,-0.16054595,0.6069009,0
-0.3536224,0.25674435,-0.84446776,-2.393568,-2.896587,0
-0.25117612,0.21320522,-1.6496325,-1.1249117,0.4345743,0
-1.749217,-0.67208993,-0.7319539,0.2697046,0.4267161,0
0.57661223,-0.19655748,1.6467477,-0.8886371,1.7159526,1
-1.5460039,0.7533515,0.070768446,-0.1859662,1.0058901,1
0.7935319,0.6959296,-0.05594722,0.89372087,-0.05463521,0
-1.1295834,-1.6857066,0.40083712,-1.939524,-2.2851677,0
0.42824262,1.93641,-0.76494133,1.1923146,0.1730519,0
-0.06115979,0.1591872,0.2415175,1.5482254,0.23633254,0
-0.13032407,-0.850842,0.46935394,-0.2301208,-0.07914728,0
0.7786243,0.9881186,1.1450715,-0.23572403,0.13453034,1
1.577487,-0.08086079,0.9690278,0.64053714,1.8264272,1
-2.3530626,-0.45749664,1.0603008,-0.12135151,0.72076,0
-0.3074661,-1.1883433,-0.09100774,-1.4537013,0.041035548,0
-1.2255805,0.78110224,0.5872133,-1.2679899,-2.289262,0
-0.21285924,1.4510881,-0.17873663,-0.2399199,0.77959925,0
-1.7627041,-0.8909818,-0.736717,-0.5578113,0.6134784,0
0.11451998,-0.3427519,-1.3213334,-0.19576246,-0.3171272,0
0.47494054,-0.16070232,-0.97353846,-0.20436715,-0.40109313,0
0.79037917,2.4429402,-0.85522103,-1.0558556,0.03644785,0
0.7179394,1.1031003,0.22466263,-0.7751271,-0.3598063,0
-0.08474001,0.12188026,0.17093945,-0.2630555,-1.5962801,0
-0.74310154,-0.99838525,2.1579466,0.57168263,0.95629,0
0.7432192,1.6291957,-0.16134419,-0.1129576,-1.7022963,0
1.245782,-0.9363427,-0.7927157,-0.3464612,0.23898959,1
1.1193167,-0.33965543,-0.24160612,0.9923978,1.3399229,1
-0.79452336,-1.0595794,1.0181208,0.13563089,1.1515852,0
1.4796323,-0.6547616,0.34037203,0.060312934,0.24955237,0
-1.3397293,1.0854316,-0.6229793,0.95114875,1.2505553,1
-0.48880917,-2.6184149,-0.9642849,0.92415166,1.7795684,1
-0.102819785,1.2983208,-1.3021867,0.58622396,0.8498304,0
-0.8791207,0.3205863,0.16640005,-1.2495465,1.6693666,0
0.7061782,0.682872,-0.5825287,0.5335586,0.87651336,1
-1.1809934,-1.0434804,1.7287447,-0.40429723,-0.8766424,0
0.3014977,-0.4059201,0.8139153,-1.279238,-0.5803373,0
-0.4941604,1.5499675,-0.41448775,-1.53687,1.1522152,0
-0.44605362,-2.0248127,1.132146,0.41939756,0.16702482,0
0.19745816,0.33069578,0.4034148,-2.3411195,-0.43441498,0
-0.9864609,2.118825,0.2952978,0.86111003,-0.2608437,0
0.388401,-0.23849687,1.3656205,-0.5009713,0.26651022,0
0.6966958,-0.30069673,-1.0907006,-0.040917438,0.10071796,0
-0.37181485,-0.9472792,0.38704893,0.86864114,0.2964164,0
-0.2938606,-0.7558712,-1.3096871,0.54046386,1.0661871,1
0.2051838,-0.8094969,-0.6962508,0.2250995,-0.0857516,0
1.0983254,-0.5578821,-1.1712496,0.7530691,0.49814257,0
1.1491005,-0.22994113,0.24119134,-0.10804598,-0.6029798,0
-0.2034649,-0.16291986,2.3504725,-0.46981722,2.4492536,1
-1.6602505,0.64520746,-0.42749658,0.3631795,2.287977,0
-0.06632346,1.5078014,0.047192484,-1.1522402,0.42341715,0
0.4442852,-1.267086,-0.8639766,0.97043526,1.0610304,0
0.8672732,-0.1417017,0.9967979,-1.074232,1.5220633,0
-0.47364503,-0.09501617,0.73610616,-0.35494483,0.25034368,0
1.2320251,0.6716523,0.3622579,0.18970142,0.11716378,1
0.19820493,0.584967,0.21621844,-0.95433396,0.36460134,0
-0.072704956,-0.057988822,-0.93284315,-0.37467796,-0.25901037,0
-1.0112345,-1.4004575,-0.061155617,-1.2524655,-2.0124784,0
-1.2154895,-0.89176494,-1.0098554,-0.75835836,0.94696677,0
-0.59073913,0.36558324,0.68002516,-0.027460724,-0.20792907,0
-0.60245365,0.5441903,0.017096043,0.68157476,0.35404503,1
-1.0269084,-1.4150325,-0.6530036,0.77204084,1.5461042,0
1.5649343,-0.59893495,-0.7585148,0.82654196,0.012580082,0
0.31503394,0.57328236,-0.24346112,0.4180357,-1.1686219,0
0.051187366,0.27251524,-0.7202979,-0.9637101,-1.5269041,0
0.8349544,-0.77170396,-0.3180201,2.0698776,-0.3312298,0
-1.4062328,-2.2722483,1.1813474,1.0017271,0.41369662,0
0.81670755,-1.2200699,1.123079,1.0311563,-0.29502124,0
-1.7796656,0.18424115,-1.930155,-1.9432905,-0.02049321,0
-0.380174,-0.57801485,0.4094568,0.6278948,1.6319523,0
-1.0324419,1.3302076,-0.7154109,0.42149496,0.049338013,1
-1.2109345,1.3266776,0.9748866,1.0137753,2.4157796,1
0.40218562,0.8839538,0.8823794,0.7013579,-0.76644236,0
0.42068237,-0.9948416,-0.17020446,0.74199736,0.40539494,1
1.790726,0.8969561,-0.9522046,-0.5975673,0.18049186,0
-1.1389027,-0.68295014,-0.40533906,-0.21325564,0.13044411,0
-0.47831452,0.015018761,-0.36517224,1.8840195,0.15914163,0
-1.0978231,-0.9089154,1.9488482,0.17463389,-0.64939404,0
0.7910889,1.8236024,1.3320242,-0.09932668,-0.68840384,0
-0.035501346,1.0088743,0.4153301,0.49008775,-1.4250588,0
-0.20283854,-0.1713352,-1.9760995,-0.8174534,-0.99274343,0
1.3361082,0.34094736,1.3183243,0.19310464,-0.11218518,0
-0.8215874,-0.6292683,-2.3362296,0.48349208,1.0860627,0
0.2580685,-1.3274341,-0.609447,-0.4393836,-1.1511836,0
0.17336321,-0.10676223,0.46350664,0.23702025,0.57046366,0
-0.17982173,-0.534259,0.19827871,0.60466295,1.1201456,0
-0.8925445,0.19093162,1.7307631,0.8005487,0.7144053,1
0.15563238,0.020219818,0.87198824,-0.92452365,0.8547815,0
0.0010773353,-1.2695694,-1.6224844,-0.9594201,-2.6538787,0
1.295109,0.09623014,-0.0808028,0.49294004,0.37576744,0
0.296125,-1.2209277,-0.20120072,1.4951018,-0.7094599,0
-0.7321239,-0.093661636,0.10533792,1.1240983,-1.5031273,0
0.43029085,-0.1289885,-1.6726564,0.3051588,1.6532292,0
1.460992,-2.4692261,-1.1157937,-1.3143063,-0.21904445,0
0.01655135,-1.2321212,0.3438637,-0.2258937,-2.078463,0
-2.4919336,0.5170995,0.016107291,0.30119586,0.81473345,1
-0.31629223,-0.100474626,1.6501952,0.26229835,-0.6071595,0
1.0992541,0.0119418055,-0.26648563,-0.8024149,-1.0467112,0
-0.16729048,-1.1585181,1.2022889,-0.44745368,0.7015222,0
0.141572,1.5244733,1.0040495,-1.4989927,-1.6731389,0
-1.9665341,2.0475106,-1.4394283,0.28902912,-0.84794545,0
-0.4476724,-1.9794464,-0.6947788,-0.9758878,-0.79024166,0
0.2664924,-1.0718223,-1.6646602,0.9509733,0.14812696,0
0.7386653,0.7871983,0.8179078,0.09339775,0.5663588,0
1.5487483,0.87327653,-0.78856635,0.39640993,1.1497898,1
-0.6702881,1.9274744,0.5504766,0.6853543,0.026197925,1
-0.83130836,2.0108895,0.20497726,1.9477001,0.47579926,0
1.2556975,-0.9292748,1.3657396,1.0736578,0.5896496,0
0.22767133,-0.8095986,1.700953,0.6999832,-0.3397218,0
-1.1164665,-0.019965172,1.0584491,-2.3909473,0.33167762,0
-0.421024,1.0074904,0.7317123,1.1142571,0.88426805,0
-0.5061022,-1.2584503,0.597604,-0.7071936,0.77369297,0
-1.0035354,0.08392191,-1.6600422,1.383234,1.3315814,0
0.11267722,1.2506785,1.0190582,0.12912807,-0.85762477,0
0.19203463,-0.30806068,-0.32397985,0.46392483,-0.45155373,0
1.260952,0.12813045,-0.2403985,-0.6106048,-0.24740809,0
-0.24333207,-1.2342383,1.1753386,-1.051981,0.22686358,1
0.8770359,0.43500432,-0.06424226,-1.920307,-1.5669518,0
-0.33385292,-1.097766,0.7974344,-1.1241654,0.74009526,0
-1.231827,0.019605279,-0.046544865,0.26939133,1.3619392,1
0.9680358,0.47785217,-0.01845643,-0.588771,-0.6813691,0
-0.69625914,0.020883247,0.799962,0.10576459,-0.46017846,0
-0.8578675,-0.21279925,0.5589019,-1.407139,-1.1678462,0
-1.0610037,-0.9804261,0.7650515,-1.1781297,0.89662075,0
-1.9345987,-0.3087504,0.4670715,-0.058900982,-0.24224213,0
-0.646405,0.11268884,-0.6903591,-0.8276278,-1.4675659,0
-0.46840215,-1.4484034,-2.1782057,-0.5736722,-1.0549873,0
-0.6024155,-1.4878008,0.60682577,-0.78484184,0.2075823,0
0.28265923,1.2024047,-0.53326344,0.9847155,-0.05956185,0
0.06281239,-1.8185775,-0.71805054,-1.5387261,-0.0060622096,0
0.058588237,-1.2552869,1.092172,0.16837981,0.071768135,0
0.7699082,1.6716087,1.3762833,-0.31328133,-0.26561266,1
0.40035105,0.33406162,-1.2661203,-0.89289397,-0.48967254,0
0.41787133,-0.3439858,1.4574155,0.040675282,0.34457132,0
0.1692256,0.85622853,-0.39557725,-0.6895025,0.3309253,0
-2.7359502,-0.6235041,-1.9438088,-1.2564402,0.5648399,0
-1.5309234,-0.777897,0.40638918,-1.1465768,-0.51556796,0
0.226403,-0.29940957,1.6530259,-0.42894417,1.7076596,0
0.8768487,0.06654021,-1.6425086,-0.18465781,0.96600795,1
-1.1513302,0.67617965,0.43605646,-0.40633,0.28302664,0
1.0663725,-0.7070651,0.95520794,-0.3815341,0.41112885,0
0.5386081,-0.7523375,-0.8911427,0.46380842,-0.02900067,0
1.0278627,-3.496293,-0.57462025,0.20471472,1.2791841,0
0.16451314,-0.7242159,-1.4030449,0.4345976,-1.0856255,0
1.6739525,0.6908577,1.6647042,-0.6639452,0.53974515,0
1.119293,0.45463327,-0.83763975,-0.9951811,0.51298654,0
-0.2327416,-0.81526506,1.8833046,0.68667346,0.8500073,0
0.059805214,1.0041969,-0.8940797,-0.5318907,0.6410807,0
0.79402006,0.010297,-0.78283113,0.25397784,-0.30501223,0
-2.213959,0.89581764,-0.72699356,-0.22035593,-1.3658274,0
1.6018326,0.71016514,0.8312241,0.85367274,-0.45889646,0
0.7691076,-0.024145901,-0.7394867,-0.7103374,0.45589876,0
-0.9947489,-0.67806053,0.25274715,-1.4334961,-2.244013,0
1.3307697,0.90630686,0.65057385,-0.49210528,-0.41155976,1
0.960258,-0.26052183,0.46197742,-0.74228203,1.3652812,0
0.16205744,0.12218064,1.3396556,-0.9614881,2.0177007,0
2.0500917,0.38721675,0.6699772,0.1762366,0.23720372,0
-1.1724677,0.7045031,1.0627778,-0.904713,-0.100128174,1
0.40431276,-0.28925025,0.92213356,0.39277023,0.549845,0
0.51743555,-0.9546089,-1.2330966,-1.2212005,-0.69058895,1
-0.40286422,1.6519232,0.26266012,-1.2649432,0.9164383,0
0.11398408,1.0156844,-1.3025514,0.88379645,-0.5318596,0
-0.3379921,1.5790596,-0.06775756,0.035144687,1.0187138,0
-0.031813204,-0.06601633,-0.6821815,-0.09811506,-1.3919356,0
0.7913259,-1.0327668,1.0871245,-1.0893673,0.6464703,1
0.47436193,0.4323581,2.1050925,-0.2443785,-0.1780673,0
0.47075313,-0.9346128,-2.1688707,0.5351941,0.058208235,0
-1.7280049,-0.40865138,0.07870251,0.01910752,1.0310173,0
0.7509209,0.0647161,0.083055176,1.7264218,-1.0068569,0
-0.58881044,1.1520067,-1.2147758,-1.3076663,-0.16071382,0
1.4517399,0.64087915,0.29401574,-0.8852346,1.8481637,0
-0.57875746,0.7054236,1.7384781,0.025596976,-0.05705969,0
-0.41637248,0.321331,0.021335423,0.8275871,-0.816815,0
-0.6211037,-0.034784883,-1.3512249,0.45347643,0.7681897,0
-1.0362837,-0.70211405,0.8601165,0.8199567,-1.1031046,0
-0.42556667,1.0962288,-1.5456496,-2.2442803,-0.6913449,0
-0.59555775,-0.36419076,1.7685068,1.6298771,-0.56265336,1
-0.63784266,0.80675304,-0.022984862,1.8802757,0.36854064,0
-0.21794084,0.5900885,0.0280554,-0.6845857,-1.2685615,0
0.18418336,-1.0254025,-0.8732876,-0.55019087,-0.66798943,0
0.3798105,0.24240443,0.48335183,1.5532786,0.4847949,1
0.91878676,-0.86075175,-1.8550582,-0.043555856,-0.8676981,0
-1.1253037,-0.21127188,1.3500693,-1.0745336,1.8651171,1
-0.6074009,-0.66410834,0.09194371,-0.7583775,-2.1668646,0
-0.08873135,-0.03476055,0.010373563,-0.05426714,0.43980217,0
0.9496763,0.5754359,-0.5542716,0.9665652,-0.68367094,0
0.47045806,-0.94075054,-1.4871646,-2.1001902,-1.5117856,1
0.84986,1.7766314,0.50000703,0.4411015,1.2541158,0
0.6346873,-0.20606318,0.6486767,1.0099399,-0.8215119,0
0.8988398,0.48371232,0.6918448,-0.2154638,1.0341306,1
1.1894835,-2.4568384,0.0737437,-0.21560806,1.0273395,0
-0.40325227,-0.23096716,0.79545826,-0.61387914,-0.4947089,0
0.71369624,0.49624696,-1.5768887,-0.27527305,1.3456196,0
1.9563771,0.7402221,0.9732383,-0.9767014,-0.14347783,0
0.24887234,-0.32659006,1.0598552,-0.10080342,-0.21198356,0
-0.31602734,0.5079666,0.2389127,0.45179373,-1.7666318,0
-1.1114812,0.18996972,-1.7999588,1.1121488,0.5310998,0
-0.24131715,1.1896734,-0.38611132,0.2954918,-0.42409772,0
-1.515053,-1.6924369,0.7025696,-0.42404962,0.062250316,1
-0.3108793,-0.891982,1.0501912,-2.3277512,1.2078867,1
-0.20266709,-0.343374,-0.6171352,1.5568085,-1.2681822,0
0.4076081,-0.7747965,0.397075,-0.2900982,0.56508875,0
1.0845786,0.31516,0.4871338,-1.9665627,0.67939144,0
-0.091973305,-0.97049373,1.4682782,0.5902654,-1.0043123,0
1.4268051,-1.8001932,0.90894806,1.5249612,1.5148484,0
-0.044718817,0.9863943,-0.22526579,1.7953811,0.27784652,1
-1.2886637,0.75557363,-1.5350714,1.0887647,0.69995993,0
-0.86141604,-1.1957227,-0.0076496936,-1.1057742,-0.20729208,0
1.8215876,-0.40960222,-0.011523426,-1.4336513,1.3797075,0
1.1106322,-0.11583474,0.21234405,0.35638633,0.8814927,0
-0.105222225,-0.6301785,0.092975974,0.9528986,1.067603,0
0.9831308,0.045832515,-0.3196402,-0.5900477,1.4746559,0
-1.6482611,-0.19225323,1.6490384,-0.25891274,-0.3133796,0
-0.8844675,-1.283809,1.0012729,0.8294352,-0.83631414,0
0.53220046,1.67981,0.08572596,0.035873234,0.09959014,0
-1.3053634,-0.8430959,-0.7955716,-0.9370884,-0.78183305,0
-0.8182891,-3.1047437,0.6209825,-0.29527524,0.41291162,0
1.106003,-0.5577119,-1.536352,0.15522519,-0.60262495,0
-0.45446092,0.637533,-1.02076,-0.4281717,1.0989196,0
-0.6164694,-2.7097378,0.46922272,-0.18572754,0.79740566,0
0.9797658,-1.1225648,0.06777322,0.29358155,1.6734215,0
0.43015954,0.11875342,0.3906234,0.9940216,-1.5351344,0
0.4864748,1.4802996,0.30060142,1.0173798,-1.2524741,0
1.1813538,1.4988922,-0.13463217,-0.1945433,1.8363004,0
0.6015515,-0.8168456,0.19696784,0.89918804,0.48123467,0
-0.4140287,-0.31877,1.0861205,-0.37992203,0.24566522,0
-0.5266685,-0.023445725,-0.23402621,-0.03202644,-1.7706501,0
-1.882262,1.546246,-1.522186,0.9051607,-0.17327395,1
0.08017743,0.68939626,-1.1717659,1.1013184,1.3511728,0
-0.70849764,-0.78977406,0.78817606,-0.7835928,-0.47007555,0
1.1371518,0.82950664,0.1639618,0.51534045,-0.07944226,0
-0.310514,1.6340432,-0.87022007,1.0968255,-0.3918739,0
-0.92585754,0.13348965,0.0694463,-0.44074196,-0.6402231,0
-0.1603769,-1.224036,1.1505018,0.47080213,0.661126,0
0.17844647,0.58788466,-0.012590051,0.46274492,-0.91818905,0
-0.35334074,0.92187333,0.4447495,0.79681325,-0.8715781,0
-0.47684842,-0.8068357,-0.5719077,1.5704648,0.9603641,1
-1.4128546,-2.1105442,1.3191211,-1.0898662,-0.05296075,0
1.9916611,0.02744186,1.294003,-0.621317,-0.15116286,0
-0.6263477,-0.99420756,0.66502386,2.267082,1.7073158,0
0.3078183,0.50086,-0.61667943,-1.3409355,-0.1844306,0
-0.45233098,1.5483187,-1.6544328,0.636987,1.2946377,0
-0.7976756,-1.2320526,0.51787645,0.31306615,-0.59125745,0
0.3351905,-0.6305737,0.6324504,-1.4769096,1.7863954,0
-2.8168764,-0.787966,-1.1364068,-1.2851118,-1.5472063,0
0.0071868747,-1.8758392,-0.6636265,0.6918017,-0.23973863,0
2.3298159,-1.9768107,-1.3580089,0.4672156,1.2098814,0
0.48398122,0.82915205,0.8681094,0.38665324,0.2528201,1
0.99349356,-0.6827551,-0.98070455,0.8548719,0.64904773,0
0.08638951,0.792152,0.13815844,-0.2603496,-0.15091729,0
0.93906736,-0.21412833,0.9028972,-0.3792094,1.0626346,0
0.9137908,0.45032108,-0.7891731,-0.12756789,0.056925356,1
-0.35652047,0.23644376,-1.0187023,0.98470676,0.29233173,0
2.1723313,-0.56604517,1.5122057,0.59440595,2.1590137,1
1.3466551,0.39323846,1.1578562,0.58083636,0.09309968,1
-0.66063535,0.3501436,-0.2053997,1.5675157,-0.19300842,0
-0.826032,-0.58427393,1.3747423,-0.012504756,-0.38001475,0
0.6205097,1.3925432,1.4642445,1.5658937,-0.18648833,1
-0.029454276,1.3299444,-0.15177622,-0.35646337,-1.4836849,1
0.15195549,-0.70737785,-0.35832083,1.0198203,-0.8876881,0
0.93253666,0.42505905,-0.12835665,0.7386513,-0.574607,1
-0.19783545,1.738297,0.7909717,-0.88578826,-0.0042131543,0
-0.047732614,-0.13983089,0.93732154,0.86274636,0.12472807,0
-0.41750988,-0.9438156,-0.43647575,-0.75630987,1.5810084,0
1.7706307,0.6985676,0.89237225,-1.6245288,0.2917387,0
-0.018465102,-0.39306885,-0.4235036,-0.23548286,-1.6308734,0
-0.81416965,0.4677253,1.6952969,-0.5695025,-0.22561774,0
-0.10266973,-0.5339948,0.051712945,1.0436332,-1.4619402,0
-0.57310474,-0.8099574,-1.0709301,-0.75593746,-1.2342714,0
0.9446985,-0.28875884,-0.29394785,1.4797957,-1.1104653,0
-1.6138389,-0.66894525,0.44188708,0.4480735,0.6559447,0
1.0615959,0.1651125,0.8762656,-0.62399817,0.15316018,0
1.1608036,-0.08034253,-0.3830648,0.45545936,-1.6071336,0
-1.2988017,2.307314,0.4648819,0.09002721,0.5971562,0
-1.0180367,-1.0895655,2.4442635,0.859793,0.6062417,1
-1.2610029,-1.7566844,0.13889098,0.9529592,-0.42874825,0
-0.63276887,0.56887484,-0.600286,-0.3494427,2.0426173,0
1.1072,0.8743306,-0.37441146,-0.6554175,0.61654913,0
1.4108282,0.22310887,0.40232375,0.5324849,0.13665938,0
0.0058078766,0.060313135,1.2556298,0.31175673,1.4429613,1
2.0397043,-0.27939516,0.75531435,-0.65324295,1.3993475,1
0.18457377,-0.20156719,-1.3028784,0.8532331,-1.42671,0
0.65761805,0.039429843,-1.0528793,1.2666272,1.2178693,0
-0.24085453,-0.07993984,-1.551189,-0.32094836,-0.1624536,0
-0.69320834,0.14206639,2.003633,0.5633715,-0.49312434,1
0.36498815,1.8899667,0.6546608,0.19499743,0.0902468,0
-1.2105005,-0.41115975,0.17193937,-1.049653,-0.11240512,1
0.091686964,0.8400822,-0.22146468,0.40462744,-0.31034246,0
-0.23794341,-0.1354574,0.093803585,0.44949454,0.5336495,0
-0.052250594,-0.9182427,1.0153615,0.5674394,0.39436626,0
-1.2156835,0.6038734,0.00025874376,-0.33209485,-2.231515,0
1.8900847,0.08657688,1.1468451,-0.25930804,0.3614195,1
-0.66442585,-0.3644318,-1.9317458,-1.4459634,-1.3889813,0
-0.5211391,-0.5524511,0.20175825,-1.6144948,0.4772526,0
-0.9585968,-0.03979449,0.6695523,-0.98902744,0.68969226,0
-1.0877868,-0.9341949,0.47073835,0.0664096,-0.29336247,0
-0.7056988,0.2704346,1.175831,-0.5410545,0.12199445,0
-1.336442,-0.109268665,0.11985034,-0.7021753,0.77047896,1
0.16446619,0.37740487,-1.7725263,-0.06273158,-0.0077124536,0
-1.5791298,-0.9192431,0.062164128,0.5448649,0.44555515,0
-0.16027379,0.86416113,-0.38478073,0.434532,0.9291288,1
-1.8528053,0.2392481,-0.7206681,-1.5570856,-0.42970514,0
0.75550485,0.2257297,1.9009385,-1.1391807,-1.0328095,1
0.49166843,0.83695626,0.9745896,0.20084605,0.24128056,0
2.5671983,0.051442146,-0.09297025,1.8624347,-0.39892483,0
1.05304,0.59663,-1.1944308,-0.5148423,-0.8080779,0
-0.2056468,0.26663604,-0.41971904,0.632331,0.43686604,0
-0.86452806,0.5088082,-2.4250124,-0.98139775,0.15900806,0
0.868605,-0.64411443,0.09777765,0.92728674,0.019711845,0
-1.6443911,0.595291,-0.3235598,0.5810674,0.7250261,0
0.18105608,1.2009193,1.047585,-1.1484933,0.25237456,0
0.25724015,0.5133435,0.8029911,0.38333875,-1.5972435,1
-0.23781434,1.035433,-0.14368315,-0.10585398,-1.6921744,0
-0.4274041,-0.5027105,0.10097858,1.1932908,0.45629153,0
0.47172475,-0.2601353,0.008991122,-0.61665994,-1.2215383,0
0.17477766,-0.8446003,0.09974533,1.9157797,-0.1330419,0
0.52312785,0.5678711,-1.0691912,0.19247228,-0.4971161,1
-1.3213437,0.88233507,-0.014897674,1.4529357,0.3498904,0
0.4389576,1.6947733,0.7548597,0.89138365,0.5524299,0
-0.29890957,-0.9695346,-0.18088484,-1.0257413,-0.6505698,0
0.048556108,-0.66222656,-1.4572654,-0.8308984,-1.219943,0
-0.77126485,-0.13150619,-0.09093495,1.0671287,-1.914074,0
0.81921023,0.5856684,0.99550426,-0.5909101,0.78108776,1
1.0957168,1.811127,-0.9047619,-1.2892401,1.3565339,1
0.39190355,-0.24550614,-0.16391142,0.85496485,-0.7748445,0
-0.07580858,0.710104,1.1259831,1.9352493,-0.24190459,0
0.33078063,0.09417647,-0.46025154,-0.8772138,0.17468336,0
-0.18726352,-0.35453966,0.6098982,-0.83778363,-2.2345166,0
2.0938635,-1.4881997,0.14757434,-1.0037583,0.51516706,0
-2.3426604,0.084901616,0.35637236,-0.41993186,-2.7532911,0
0.8694761,0.4705919,-0.5364261,0.7517321,-0.89950484,0
0.74580556,0.7936514,0.65994143,0.9362587,-0.28795183,0
-0.05581349,-1.7697614,0.15106618,-1.4132447,-0.46544555,0
0.6035558,0.9063746,0.7790619,0.40974742,-0.78563094,0
-0.17031398,1.097864,0.6689367,-1.0396348,-1.271042,0
1.1085923,-0.90228546,-0.039027214,0.009659022,0.113673985,1
-0.27047062,-0.14622557,-1.6773118,-0.32499367,0.07430345,0
-0.9037439,1.2133888,-1.6971391,-0.16458988,-1.2356446,0
0.5939853,0.030057922,0.797179,-1.0610352,0.6101786,0
-0.906939,-0.31624538,-1.3575233,-0.068547964,1.4296944,1
-1.059,-0.5041258,0.8058771,-1.9873606,-2.048021,1
-0.76618135,-1.5592799,0.097150534,0.47944754,-1.7246408,0
-1.9572545,-0.3496007,0.38637933,-0.28472695,0.42250457,0
0.46893734,0.6377138,-0.083921194,-0.8176496,-2.4441187,1
-0.66085464,0.8080448,-0.39565128,-1.9667075,0.84263325,0
-0.9505478,2.2262633,1.112933,-0.8859779,0.43522942,0
-0.5572734,-0.56216323,0.37521088,-1.7057055,-1.4805796,0
0.6483068,1.2199328,0.032660306,-1.3238738,1.3235711,0
-1.1662313,-2.0666995,-0.21733338,0.33050233,1.476057,0
0.58216375,-0.5702745,1.344755,0.62752694,-1.1923958,0
0.92021304,-0.658966,-0.42528194,-0.16030368,1.996275,0
-3.022424,-0.8874865,0.8288542,-0.8614077,0.04084766,0
-0.039438426,-0.0029115826,-1.0044142,0.2868344,0.72714263,1
-0.433237,0.3082034,-0.16176793,0.76357514,-0.023216605,1
-0.5299263,-0.2180399,2.0764508,0.5867779,-0.7221123,0
0.39713615,-0.7171164,0.43033707,1.1471224,1.8598914,0
1.57054,0.4610976,-0.6093423,1.2012892,-0.110367835,0
0.5588257,-1.0850924,-1.3875904,-1.561784,-1.1773454,0
0.31608993,0.3035308,0.7059984,-1.5868924,0.121497765,0
-1.5060694,-1.8028527,1.8790734,0.32021567,-0.051231332,0
-0.3541698,1.3960127,-2.006199,1.2165658,1.6459968,0
0.5203178,-0.8168874,-2.091467,0.0013397634,-1.1462357,0
-1.1294419,-0.42793044,-1.0667882,-0.6074133,-0.9955709,0
0.05111957,-0.43253678,-0.7850713,0.12370032,0.55350626,0
0.9330567,0.083019435,-0.06379902,-1.6327,-0.1736966,0
-0.43227276,-0.5589314,-1.0725021,-2.676339,0.5167731,0
-0.467635,-2.20537,-0.41226992,-0.5729175,0.6709422,0
-1.0440447,1.059037,1.773796,-0.33608073,1.2134298,1
1.1395677,0.56989634,0.6070738,0.5378709,0.5590764,1
0.21667883,0.25970602,-2.0585754,0.7015334,-1.2924201,0
0.3717577,-0.6879662,0.056763545,1.6372087,-1.6986403,1
-0.082843706,0.8291606,-1.1845055,-0.011524498,-0.6934668,1
0.71281224,0.30832747,-0.1111767,0.73808366,0.6550471,0
0.4492413,-0.58648187,-0.6545328,0.6558337,-0.17602777,0
1.4371982,-0.39418748,0.42532253,0.38476095,-0.23732151,0
-0.875488,0.16159661,0.056716092,-0.3550613,-1.6133742,0
0.6314578,-0.2206286,-1.586626,-0.6723356,-0.87267095,0
-1.6532807,1.2928145,-1.156143,0.688262,-0.15215002,0
0.007412195,0.55132294,-1.1979891,1.0086291,-0.56026185,0
0.68623936,1.2163455,0.47760585,-1.0939697,-0.23961094,0
0.41314518,-2.3548813,-1.0299797,0.105139196,0.093039975,1
-0.1654524,1.2033621,0.42851663,-0.36274278,-1.166765,0
0.597826,-0.6045948,0.33450246,-0.113426566,-0.81834364,1
0.10602912,1.7284946,0.5027006,-0.3955561,1.0702946,1
-0.85436916,0.83887994,-0.54806507,1.5248675,-0.45129892,0
-0.5021036,1.0103216,1.106078,-0.9830149,0.089921266,0
-0.6195883,-1.1113082,0.9511666,2.5262508,-0.5174153,0
0.021735817,0.6631817,-0.0800606,0.2682839,-0.9290339,1
1.385572,0.06567985,0.4028424,1.0876584,0.35630825,1
1.2754503,-0.013743818,0.5036194,0.11831261,0.9218488,1
-0.4526938,-0.39858094,0.687266,-0.46512705,-1.9565676,0
-0.67857534,0.12127298,-0.71735567,1.3352678,0.35913795,1
0.030526638,0.454291,-0.13470665,-2.2845964,2.056678,1
-1.3134363,-0.39347124,1.200519,0.13956985,-0.42268336,0
-0.6159758,0.4702001,0.025705904,3.1397905,-0.8368966,0
-0.5285884,0.5606421,-1.3659645,-0.9401992,0.30965662,0
-0.64642185,-0.6379704,0.4093339,-0.51580995,0.120492965,0
0.45751816,-0.34350836,0.6814555,-0.382806,0.32470423,0
-1.7454883,-1.3204753,-0.60601807,-0.14103448,0.3458837,0
0.85407364,-0.24311036,0.6607953,1.0885959,-0.3029534,0
0.2388468,-0.40419757,-1.0993042,1.737499,-0.7199679,0
-0.80781966,-0.87057483,0.6322322,-1.0086184,-0.4799853,0
-0.34309182,-0.7633591,0.8551584,-1.9922268,1.9913894,0
-1.6473155,0.46640104,-1.7204896,0.4985563,-1.452515,0
-1.8350091,1.6166675,-2.2105343,0.17674848,-0.9754207,1
0.5172023,-0.6449079,-0.58948225,-1.9603436,-0.27208358,0
0.95208967,0.04536292,0.7768799,-0.5250704,0.549226,0
0.03812278,1.2552005,1.006524,-0.4170329,1.4131906,0
-0.32802826,1.7958997,-0.23666495,-0.47321138,1.01702,0
-2.1732213,1.423231,0.53037107,2.198645,1.5266685,0
0.40868348,1.1330315,1.261614,0.8427533,-0.26338047,0
-1.6153243,-0.027579248,-0.28984568,1.5731485,1.2555571,0
-1.053791,-0.6782994,0.2986439,0.27456397,0.7966512,0
0.70424527,1.491981,0.071379274,-0.043983936,-0.3645083,0
-0.34153655,1.097385,-2.4346712,0.9209924,0.10571825,0
1.8551048,-0.7932156,-0.07888225,-0.6071714,-0.04515487,0
0.68193233,-0.16862646,-0.400467,0.19534805,-0.53135085,0
1.0895989,-2.8750849,-0.82035303,-0.05885437,1.545066,0
-0.35876745,0.43341094,-0.67709816,1.0431825,0.9024786,0
1.1612456,1.4867945,0.45427945,0.28252044,0.7720512,1
0.13014275,0.57827884,1.8206601,-0.4891048,1.2607226,1
0.478862,-0.681035,-0.5683058,1.4606166,-0.52154195,0
-0.25059086,0.8529621,-2.1226397,0.16257519,-0.025356948,1
-0.32342643,-0.118781954,-1.913662,-0.4838834,1.146985,0
-0.31793875,0.049438477,1.7121131,1.6780052,-0.2437697,0
-0.11333996,-0.26791948,1.6352261,0.6245917,0.24756223,0
0.8952783,-0.97503644,0.6624195,-1.1065924,0.40764338,0
-1.1617155,-0.94002724,1.418294,0.49984103,-0.8387672,1
0.8432455,1.3290548,-0.75728476,-1.8137368,0.02045998,0
-1.8993403,0.7534497,0.17290267,-2.0819898,-0.898769,1
-0.33866638,-0.81913936,-0.657246,-1.5798037,0.045743585,0
1.3018109,0.04635629,-0.6131538,1.6077113,-0.07930026,0
2.1250002,0.12802598,-0.5944042,-0.31292504,1.3221918,0
-0.5174104,0.4983223,1.8636129,0.33820957,0.18694264,1
0.5450853,0.3677939,0.064164,1.53775,-0.6081811,0
-2.6574578,-1.9779978,1.6172426,-0.39358532,-0.17339438,0
-0.67283034,1.7659837,-1.3575032,0.6674921,0.6836593,0
0.33970708,0.16083989,-0.6866266,0.21703434,-1.9680626,0
-0.07674155,1.4342748,-2.0009074,0.24911779,-0.042203248,0
-0.34734613,1.5981338,-1.2602565,0.9163481,0.25639704,0
-0.79344016,-1.2885664,1.6757058,-0.9457116,1.510814,1
-0.7456224,-0.64830106,0.2612305,0.9596213,1.1800946,0
-0.25158545,0.42884117,-0.19984692,-1.2706131,-0.6138805,0
0.4938207,0.2750573,0.029941848,0.58788204,0.70199,0
1.3354712,1.888432,1.518167,-0.3958292,-0.7904299,0
0.6521875,-1.1997161,0.77188224,0.9499001,-0.5542323,0
-1.7979999,-0.10882673,0.95748556,0.22420388,-2.2040193,0
1.3574557,1.7772377,1.6931064,0.45625085,-0.31717366,0
1.0867596,0.054546535,0.5441961,0.12575385,0.023961991,1
0.21420951,-1.3798318,-1.2246584,-0.57914716,-1.4286575,0
-0.7294627,-0.5367277,1.4683523,1.0406377,-1.1647487,0
-1.1647806,1.0769442,0.071640745,1.4859811,-0.7167677,1
-0.78774226,-1.9965136,-0.429665,-2.3646638,-2.0013318,0
-0.6248842,3.5678892,0.1648069,-0.005461246,1.3441527,0
0.5399636,-2.4611058,-0.3094552,0.29414383,0.3841042,0
-0.8833194,1.0482469,-1.435427,0.29803395,-0.4140373,1
-0.27339104,-1.0881537,-0.57083374,-0.07255787,0.7602588,0
-1.0064704,-0.79581726,-1.8611653,0.49340063,1.3918061,0
-0.37287343,-0.1820605,-2.647434,-0.7006929,-0.9269093,0
0.420033,-0.55609006,-0.47258553,0.73827815,0.34635055,0
0.413174,-0.17634828,-0.6112721,0.068156995,-1.1223645,0
-0.9049411,-1.2392974,-0.21047243,0.4640102,-0.8904996,0
-0.7391249,0.87109095,1.4741702,1.2944283,-1.1087365,1
-0.75994337,-0.684699,-1.1706352,-0.09654498,0.4310672,0
0.36367935,0.8267264,0.53528625,0.47159857,0.78254545,0
0.64289784,0.2455232,-0.0061312616,1.2916985,-1.7533369,0
0.52101666,0.8277215,-0.9374206,-0.7336613,-0.3275519,0
-0.0096011385,-1.0802962,1.0288256,-0.10842518,2.30462,0
-0.40145284,0.0076099187,-0.23782226,0.41364762,-0.30416733,0
0.23241419,-1.6687338,-1.7786231,0.6838089,1.9416132,0
-0.34840238,-1.4640609,0.81662256,0.6348892,-0.66041034,0
-0.61906946,0.58059406,0.022654891,0.424307,0.38398057,0
-0.16720329,1.4732318,-0.094135076,-0.39019355,0.28803152,0
0.6695063,0.025796633,0.44887218,0.35048056,0.054391384,0
0.12136978,1.0595359,1.0386659,0.50271344,-0.2057597,0
0.13446257,-1.3769695,0.24075447,-0.583366,0.6948738,0
-0.5331937,0.7235514,1.5710449,-1.2236247,0.5388132,0
1.0260468,-0.2536591,-0.033882253,1.1207902,-0.78816164,0
0.06192083,0.3575492,-1.2119011,-0.24789226,1.3780932,0
-1.7239221,-1.7079886,-0.06581515,-0.009562239,-0.727411,0
-0.6884875,0.5341225,-0.4582745,1.0889876,-0.26088917,0
-0.54015267,0.13521326,-1.4808247,0.23521225,-1.595575,0
0.57199603,1.1664329,-0.38730636,0.46784148,-0.18219233,0
-0.13768774,0.82782435,0.13350613,0.8317572,2.267244,1
0.21208712,0.15934888,0.18979049,2.1441226,-0.95366454,0
-0.09757063,0.54547316,0.015123725,0.58075094,-2.431099,0
0.9612137,0.1042124,-1.0842555,0.021935374,-1.6091008,0
1.4347315,0.54395205,-0.6247487,-0.3157863,0.86545163,0
-0.095995404,-0.046274513,0.99534124,-2.143773,1.189388,0
0.3226624,-0.015682055,-0.2449975,-0.8561126,-2.292995,0
1.8228166,-0.5634658,-0.37201503,0.9440707,-0.8455095,0
-0.20477489,-0.020184278,0.065932445,1.1473589,0.9026544,0
1.0814416,0.61472446,1.7131574,-0.298714,0.11263576,0
0.28294697,0.72030544,-0.84339976,0.048929214,-0.6605082,0
-0.29321557,0.107709184,-1.0128226,2.004479,-1.8621619,0
1.5914216,0.24145031,0.72745377,-1.2069464,-0.6825809,0
0.1307331,-0.12692578,-0.19270468,0.3813783,-1.3900785,0
1.012265,0.42095214,0.4613754,1.4220583,0.31398475,0
-0.9823369,-2.5094864,-0.6931295,-1.1708707,-0.73177946,0
-1.7897432,-0.7142452,1.7318666,0.1866043,1.3064902,0
0.87962204,0.93027604,-0.48703277,0.9458058,0.19975272,0
0.5240257,0.59664375,0.41046682,2.0688848,-0.4428386,0
-0.73598254,0.58612156,1.4906303,-0.45099637,1.3888706,1
0.71326864,1.0419233,0.32027638,0.4254151,-0.02479446,0
-0.10516417,-1.2059886,1.0382569,-3.2619,0.50242347,1
-1.2541778,0.3142484,-1.3585994,-1.7167373,-0.16921225,0
-0.74394226,1.2430167,1.0723395,-0.096494734,0.98440063,1
-0.98287874,-2.0335932,-0.038470984,-1.445123,-1.1593188,0
0.7673922,-0.32556003,1.2220614,-0.3018248,1.0419263,0
-3.078597,0.17967783,-1.107307,-1.289004,-0.3817709,0
1.0037509,-0.32652286,-1.0299699,-1.5131967,-0.64759773,0
0.5918565,0.22040948,-1.7129371,0.45488894,1.6097202,0
0.438781,1.878932,-0.34763977,0.94756204,1.5526679,0
-0.71217227,-0.16012052,-2.224147,-1.2502362,-2.324723,0
-0.92424405,-0.7459962,-1.0181563,0.31632864,1.3780063,0
-0.055790722,0.22647032,1.2179016,-0.07194066,-0.71225125,0
1.9976984,-0.9003898,-0.0030442178,-0.44021785,0.14492992,0
-0.54873645,-1.2571012,0.899585,-1.7932627,-0.09248051,0
1.3287094,-0.38971463,0.65695024,-0.11070502,0.7003598,0
0.90184057,0.14340594,-2.007802,-0.05993464,0.66257167,1
-0.60973555,0.42101067,-0.09609716,1.1077148,-0.08476279,0
0.84031,1.5620036,-1.7614031,-1.0313629,0.38155252,0
0.6592582,0.2715473,-2.1771116,-0.5002886,1.1802487,0
1.4870245,-0.8889524,-0.036346883,0.30045137,-0.432493,1
1.6282834,1.0182853,0.85239506,-0.8467654,-0.45418003,0
1.5817446,0.87182283,0.34342134,-0.043177918,0.4297257,0
-0.11045751,-2.0399234,-0.39133328,0.20310426,0.839448,0
0.26699153,0.56001127,-0.65036696,-2.0980124,0.8056265,0
-0.32439536,-1.2461712,-2.2214408,-1.0623566,-1.9324715,0
-0.11822666,0.8072115,-0.650194,0.6052761,-0.19501051,0
0.085782096,0.3773861,0.025623053,1.4041319,-0.8932645,1
1.5065014,1.046012,0.3158076,-0.04971193,0.42637193,1
-0.12954243,0.12772699,-0.05568406,0.22769918,-0.75001395,0
0.9122813,-0.7217329,-0.36889026,-0.21753208,-0.9554229,0
1.8166724,-1.4203134,0.08276671,-0.96150047,1.3026886,0
-1.9288496,1.5542581,-1.0324762,0.6809994,-0.43325844,0
-0.24626273,-0.9307801,-0.6250421,-1.8317165,-1.4164944,0
-0.6459125,-0.52422297,1.5462142,-1.5286106,-0.09531599,1
-0.09684878,0.36257392,0.23422542,-1.4213766,-0.07714428,1
0.580564,-1.1522993,-0.8975234,-0.44406277,-0.7564641,0
-0.39992484,0.6834377,0.38581097,-0.92598224,-0.0032310486,0
-1.6638472,-1.0864997,-0.81982875,0.00037406385,-0.083969876,0
-0.597055,0.6553999,-0.71423805,-1.3844135,1.9242222,0
-0.5298008,0.6253356,0.5218631,0.9188396,0.9424138,1
-0.1588873,-0.23307964,0.0047256798,0.3126482,-0.8729199,1
-0.69629437,0.3828669,-1.2177445,-1.2580149,-0.8387141,0
-1.0821304,-0.6112473,-1.0962749,-2.1850579,-1.1179838,0
-0.86535734,-0.503674,0.16772579,-2.1415367,-0.30408204,0
0.34689918,1.1712172,-0.011434376,0.23596501,0.37374994,0
0.22789325,0.6668404,0.3241228,0.49397343,-0.07255435,0
0.98598635,0.1943528,1.1660855,-0.97865623,-1.4765778,0
-1.853985,-0.20536324,-1.2167653,-0.34014532,1.4916058,0
-0.59626544,1.229418,-0.69955075,-0.1528112,-0.0018637776,0
-1.0781565,-0.48187214,-0.30936527,-1.1798518,-1.5934117,0
-1.04198,-0.7744936,-0.1408318,-0.5497978,-0.53782535,0
-0.49224317,-0.3151026,1.19068,-1.130002,0.9904791,0
0.85536104,-0.3459375,0.2668848,1.8185081,-0.2034352,0
1.2188659,-0.90811205,-1.2336651,-1.3865432,-1.3170271,1
-0.26675713,-0.15892881,0.37297007,0.8534646,-1.1841643,0
-1.5197315,-1.1193843,0.8159221,0.36137003,0.6269163,0
1.1025474,0.66626966,0.008996338,-1.2825873,-0.6286844,0
0.6155628,-1.1148021,0.5788367,0.055995286,1.1306753,0
2.2907567,-0.23699993,-0.19441672,-1.4336641,-1.2423317,0
-0.65255094,2.263283,1.4447434,-0.048525766,1.4156153,0
0.2924391,-0.098980926,0.29294887,-1.0365812,-0.9885614,0
-0.9457716,1.019205,0.2528888,-1.1897159,2.034998,0
-0.7942827,-1.4723101,1.0567572,-2.103311,-0.90227634,1
-0.56948,-0.29513222,-0.5998858,-0.65207803,-1.4904251,0
-0.43097293,1.3237367,-1.4328518,0.99418724,0.6575448,0
0.22015584,-0.6812912,-1.2238152,0.33969992,-0.060390055,0
1.0525293,0.60869354,-0.36081913,0.17834252,0.11289379,0
-0.26428002,0.9073921,0.82425773,-0.9488839,1.482026,1
-1.8725724,-1.3457215,0.1977332,0.3581887,0.5455637,1
-0.51750326,1.4080955,-1.6916574,0.700824,-0.43416,0
1.2049509,-0.16407102,0.5279125,-0.73943436,-0.10348573,0
-0.6225684,-0.92827666,1.0010012,0.40623817,-0.91065514,0
-0.06340282,-1.0761707,-0.010355175,0.3136112,-0.74717194,1
-0.28605855,-1.1482587,-0.05939555,-0.01103425,-0.25767475,0
-2.1656296,-0.8772298,-0.076139495,-0.34218103,1.0614566,0
-0.025267899,1.6707631,-0.48242757,0.5180758,-0.101523146,0
0.14129835,0.18503314,0.6436361,-0.09881604,-0.84758437,0
-1.849842,-0.056348115,1.1340221,-0.47054735,0.274953,0
-1.0855335,-1.8070285,0.31511354,0.68240863,-0.2973952,0
-0.9865136,1.4390118,-0.65521824,0.94444555,0.21658626,0
-0.78855824,-0.33898148,1.7431159,0.72050714,-0.23155789,0
0.4790404,-0.21727552,-2.4784489,-1.0881195,0.40540513,0
2.2989678,0.2786253,0.679116,-0.9119395,0.13901827,0
-1.0404208,-1.9988662,2.3547873,-0.4994258,1.0247335,0
0.31568563,0.47804645,1.8079102,-0.49787807,0.03584023,1
1.5379801,0.83535254,1.1520183,0.01799272,0.6580982,0
0.121062726,-1.5754068,-0.19673228,-1.0327523,0.121263295,0
0.542521,0.30974978,-0.25589707,-0.18106653,-0.85991484,0
2.2691834,0.025659025,0.25452587,0.9086144,1.0235419,0
-0.36526516,0.8716847,0.77618545,-1.370882,-0.59357864,0
-0.145379,-0.4681812,1.0879998,1.6455016,-0.850628,0
0.28874642,0.73314285,0.07066578,-0.5996821,0.877375,0
1.1006033,-0.6469718,0.5142218,-0.5236339,2.1702645,0
0.08533925,1.542347,-0.8818815,0.26889387,1.0136359,1
-0.24410142,1.5267701,0.34559822,-1.265041,0.6239875,1
-0.051137984,0.10636549,-0.019652605,-1.8424683,-0.5392752,0
0.97577477,-1.231143,-0.6952164,-0.26767036,-1.1804045,0
-0.5659731,-1.1784806,-2.115518,0.77856255,-1.6636957,0
-0.55908835,-0.710943,1.42046,-0.24546617,1.4815314,0
-0.8916457,1.6636974,-0.16260219,-0.5761453,2.2185125,1
-0.91148055,-1.1685185,0.27133757,0.92053604,0.41807878,0
1.4086652,0.69117033,0.16064954,-2.0727189,-0.061436996,0
1.0550452,0.98930246,-0.79897386,0.73603475,0.56837225,0
1.5067782,0.05269897,1.4175808,-0.8458321,1.1159053,1
0.8508562,-0.25967783,0.98126733,0.6024028,-1.0371692,0
0.86737573,1.4290013,-0.050082028,-1.3785126,-0.27866998,0
-0.6266548,-1.7590508,1.1262932,0.68891954,-0.09979728,0
1.2412109,0.4960934,0.8077274,-0.32847232,0.26074293,0
-0.57802176,-0.019182175,1.5573739,1.0859287,0.4047602,1
0.6960487,1.5840185,-0.058038577,-0.39624992,1.7795448,0
-0.5009049,0.019043371,1.6023443,0.48383504,-0.9639224,0
-0.23948412,-1.656689,-1.1014905,-1.2067854,-1.1914829,0
1.3103395,-1.5091627,0.44569546,1.698595,-0.12502086,0
-0.26023763,-1.5530648,0.7192627,-0.55032,-0.5549489,0
-0.17316476,0.5396162,0.54045933,0.687312,-1.260266,0
0.55844706,-0.71576715,-0.16137736,0.6843275,-0.4368831,0
-1.0248073,1.1103903,-1.6888901,0.008908987,0.054054856,0
-1.7883328,-0.21122001,0.85569334,0.7117762,-1.2125666,0
-0.08271992,-0.483985,1.058165,-0.66938597,0.3176574,1
-0.2967711,1.9661316,0.46371955,-0.7368809,0.7647376,1
-1.1858878,0.59897226,0.23894486,0.051707387,0.16434747,1
1.8368783,0.12953755,-1.274912,-0.051121913,-0.74886686,0
2.4262006,-1.5446029,-0.78993845,-0.36502066,1.1011193,0
0.25371718,0.92161703,0.5522473,1.501236,-0.9926862,1
-0.023769453,-0.97002214,0.018598646,-0.23053172,-0.9999596,0
-0.9316702,-2.1496565,0.24065419,2.5293107,1.0121561,0
0.6299548,-1.8622133,0.8119359,0.690868,1.0688385,1
-0.7380568,1.7655568,-0.94687486,-0.33736593,-0.10644549,0
0.66106665,0.18881589,0.44823217,-1.0295043,1.2504467,0
-0.21386886,2.140819,0.58837205,0.901759,1.5596592,0
1.1896877,-0.27116305,-0.10344756,-1.8791032,-0.8034133,0
0.48665822,-0.49953416,0.53057474,1.0927978,-0.1999591,0
0.6260539,0.35580257,0.6304264,0.8621613,0.009112835,0
0.64882356,0.9608731,1.3384227,-0.04338071,-0.42059946,0
-0.822579,-1.539464,-0.42006505,0.24982157,0.91452867,0
0.7019718,-0.68662906,0.6136454,-1.0777636,0.1607891,0
-0.5190816,-1.0580972,0.81232524,1.8808367,-0.738392,0
-1.120453,1.5021803,-1.2285197,-0.90707386,1.3927714,0
-1.6511847,-2.0761838,0.585356,-0.58166885,1.16217,0
0.43955004,-0.4296549,-0.7553292,0.90487397,0.48386917,0
-0.33685064,0.23348817,1.0201389,0.6345629,-1.8407457,0
0.5001806,0.05297856,-0.9799229,0.5827222,-1.0036756,0
0.1814565,0.19462061,-1.9021246,-0.56407416,0.05361572,0
-0.3898378,0.3016929,0.8621268,0.7907901,0.75879043,1
-0.3164563,-0.26527494,0.6637374,-1.2778257,1.2479028,1
